codeiso2,country,countryLabel,wikipedia,area_km2,flag_image,osm_rel_id,continent,languages,locator_map,population,gdp_bd
AD,http://www.wikidata.org/entity/Q228,Andorra,https://en.wikipedia.org/wiki/Andorra,468,http://commons.wikimedia.org/wiki/Special:FilePath/Flag%20of%20Andorra.svg,9407,Europe,Catalan,http://commons.wikimedia.org/wiki/Special:FilePath/Andorra%20on%20the%20globe%20%28Europe%20centered%29.svg,87486,3352032737
AE,http://www.wikidata.org/entity/Q878,United Arab Emirates,https://en.wikipedia.org/wiki/United_Arab_Emirates,83600,http://commons.wikimedia.org/wiki/Special:FilePath/Flag%20of%20the%20United%20Arab%20Emirates.svg,307763,Asia,Arabic,http://commons.wikimedia.org/wiki/Special:FilePath/United%20Arab%20Emirates%20on%20the%20globe%20%28United%20Arab%20Emirates%20centered%29.svg,9890400,514130432653
AF,http://www.wikidata.org/entity/Q889,Afghanistan,https://en.wikipedia.org/wiki/Afghanistan,652230,http://commons.wikimedia.org/wiki/Special:FilePath/Flag%20of%20the%20Taliban.svg,303427,Asia,"Uzbek, Turkmen, Arabic, Balochi, Pashayi, Pashto, Nuristani, Dari, Pamir",http://commons.wikimedia.org/wiki/Special:FilePath/Afghanistan%20%28orthographic%20projection%29.svg,41454761,17233051620
AG,http://www.wikidata.org/entity/Q781,Antigua and Barbuda,https://en.wikipedia.org/wiki/Antigua_and_Barbuda,440.29,http://commons.wikimedia.org/wiki/Special:FilePath/Flag%20of%20Antigua%20and%20Barbuda.svg,536900,North America,English,http://commons.wikimedia.org/wiki/Special:FilePath/LocationAntiguaAndBarbuda.png,101489,1757603704
AL,http://www.wikidata.org/entity/Q222,Albania,https://en.wikipedia.org/wiki/Albania,28748,http://commons.wikimedia.org/wiki/Special:FilePath/Flag%20of%20Albania.svg,53292,Europe,Albanian,http://commons.wikimedia.org/wiki/Special:FilePath/Albania%20%28orthographic%20projection%29.svg,2811655,23547179830
AM,http://www.wikidata.org/entity/Q399,Armenia,https://en.wikipedia.org/wiki/Armenia,29743.423459,http://commons.wikimedia.org/wiki/Special:FilePath/Flag%20of%20Armenia.svg,364066,Asia,Armenian,http://commons.wikimedia.org/wiki/Special:FilePath/Armenia%20%28orthographic%20projection%29.svg,2930450,24085749592
AO,http://www.wikidata.org/entity/Q916,Angola,https://en.wikipedia.org/wiki/Angola,1246700,http://commons.wikimedia.org/wiki/Special:FilePath/Flag%20of%20Angola.svg,195267,Africa,Portuguese,http://commons.wikimedia.org/wiki/Special:FilePath/Angola%20%28orthographic%20projection%29.svg,36749906,84824654481
AR,http://www.wikidata.org/entity/Q414,Argentina,https://en.wikipedia.org/wiki/Argentina,2780400,http://commons.wikimedia.org/wiki/Special:FilePath/Flag%20of%20Argentina.svg,286393,South America,Spanish,http://commons.wikimedia.org/wiki/Special:FilePath/ARG%20orthographic.svg,47327407,646075277525
AT,http://www.wikidata.org/entity/Q40,Austria,https://en.wikipedia.org/wiki/Austria,83878.99,http://commons.wikimedia.org/wiki/Special:FilePath/Flag%20of%20Austria.svg,16239,Europe,"German, Austrian Sign Language",http://commons.wikimedia.org/wiki/Special:FilePath/EU-Austria.svg,8979894,511685203845
AU,http://www.wikidata.org/entity/Q408,Australia,https://en.wikipedia.org/wiki/Australia,7692024,http://commons.wikimedia.org/wiki/Special:FilePath/Flag%20of%20Australia%20%28converted%29.svg,80500,Oceania,"Auslan, Australian English",http://commons.wikimedia.org/wiki/Special:FilePath/AUS%20orthographic.svg,27309396,1728057316695
AZ,http://www.wikidata.org/entity/Q227,Azerbaijan,https://en.wikipedia.org/wiki/Azerbaijan,86600,http://commons.wikimedia.org/wiki/Special:FilePath/Flag%20of%20Azerbaijan.svg,364110,Asia,"Azerbaijani, Azerbaijani Sign Language",http://commons.wikimedia.org/wiki/Special:FilePath/Azerbaijan%20orthographic%20projection.svg,10180770,72356176470
BA,http://www.wikidata.org/entity/Q225,Bosnia and Herzegovina,https://en.wikipedia.org/wiki/Bosnia_and_Herzegovina,51197,http://commons.wikimedia.org/wiki/Special:FilePath/Flag%20of%20Bosnia%20and%20Herzegovina.svg,2528142,Europe,"Croatian, Serbian, Bosnian",http://commons.wikimedia.org/wiki/Special:FilePath/Bosnia%20and%20Herzegovina%20%28orthographic%20projection%29.svg,3816459,27514782476
BB,http://www.wikidata.org/entity/Q244,Barbados,https://en.wikipedia.org/wiki/Barbados,439,http://commons.wikimedia.org/wiki/Special:FilePath/Flag%20of%20Barbados.svg,547511,North America,"English, Bajan Creole",http://commons.wikimedia.org/wiki/Special:FilePath/BRB%20orthographic.svg,303431,5637914515
BD,http://www.wikidata.org/entity/Q902,Bangladesh,https://en.wikipedia.org/wiki/Bangladesh,147570,http://commons.wikimedia.org/wiki/Special:FilePath/Flag%20of%20Bangladesh.svg,184640,Asia,Bangla,http://commons.wikimedia.org/wiki/Special:FilePath/Bangladesh%20%28orthographic%20projection%29.svg,171466990,437415331040
BE,http://www.wikidata.org/entity/Q31,Belgium,https://en.wikipedia.org/wiki/Belgium,30688,http://commons.wikimedia.org/wiki/Special:FilePath/Flag%20of%20Belgium.svg,52411,Europe,"French, German, Dutch",http://commons.wikimedia.org/wiki/Special:FilePath/EU-Belgium.svg,11584008,644782756682
BF,http://www.wikidata.org/entity/Q965,Burkina Faso,https://en.wikipedia.org/wiki/Burkina_Faso,274200,http://commons.wikimedia.org/wiki/Special:FilePath/Flag%20of%20Burkina%20Faso.svg,192783,Africa,"Dioula, Bissa, Mooré",http://commons.wikimedia.org/wiki/Special:FilePath/BFA%20orthographic.svg,23025776,20324617844
BG,http://www.wikidata.org/entity/Q219,Bulgaria,https://en.wikipedia.org/wiki/Bulgaria,110993.6,http://commons.wikimedia.org/wiki/Special:FilePath/Flag%20of%20Bulgaria.svg,186382,Europe,Bulgarian,http://commons.wikimedia.org/wiki/Special:FilePath/Bulgaria%20%28orthographic%20projection%29.svg,6437360,102407653020
BH,http://www.wikidata.org/entity/Q398,Bahrain,https://en.wikipedia.org/wiki/Bahrain,786.5,http://commons.wikimedia.org/wiki/Special:FilePath/Flag%20of%20Bahrain.svg,378734,Asia,Arabic,http://commons.wikimedia.org/wiki/Special:FilePath/Map%20of%20Bahrain.svg,1569666,44390820479
BI,http://www.wikidata.org/entity/Q967,Burundi,https://en.wikipedia.org/wiki/Burundi,27834,http://commons.wikimedia.org/wiki/Special:FilePath/Flag%20of%20Burundi.svg,195269,Africa,"French, English, Kirundi",http://commons.wikimedia.org/wiki/Special:FilePath/Burundi%20%28orthographic%20projection%29.svg,13689450,2642161668
BJ,http://www.wikidata.org/entity/Q962,Benin,https://en.wikipedia.org/wiki/Benin,114763,http://commons.wikimedia.org/wiki/Special:FilePath/Flag%20of%20Benin.svg,192784,Africa,French,http://commons.wikimedia.org/wiki/Special:FilePath/Benin%20%28orthographic%20projection%20with%20inset%29.svg,14111034,19676049075
BN,http://www.wikidata.org/entity/Q921,Brunei,https://en.wikipedia.org/wiki/Brunei,5765.313533,http://commons.wikimedia.org/wiki/Special:FilePath/Flag%20of%20Brunei.svg,2103120,Asia,"British English, Malay",http://commons.wikimedia.org/wiki/Special:FilePath/Brunei%20on%20the%20globe%20%28Southeast%20Asia%20centered%29.svg,458949,16681531646
BO,http://www.wikidata.org/entity/Q750,Bolivia,https://en.wikipedia.org/wiki/Bolivia,1098581,http://commons.wikimedia.org/wiki/Special:FilePath/Flag%20of%20Bolivia.svg,252645,South America,"Spanish, Aymara, Quechua, Guarani",http://commons.wikimedia.org/wiki/Special:FilePath/BOL%20orthographic.svg,12244159,43068885673
BR,http://www.wikidata.org/entity/Q155,Brazil,https://en.wikipedia.org/wiki/Brazil,8515767,http://commons.wikimedia.org/wiki/Special:FilePath/Flag%20of%20Brazil.svg,59470,South America,Portuguese,http://commons.wikimedia.org/wiki/Special:FilePath/BRA%20orthographic.svg,203062512,1920095560995
BS,http://www.wikidata.org/entity/Q778,The Bahamas,https://en.wikipedia.org/wiki/The_Bahamas,13878,http://commons.wikimedia.org/wiki/Special:FilePath/Flag%20of%20the%20Bahamas.svg,547469,North America,English,http://commons.wikimedia.org/wiki/Special:FilePath/Bahamas%20in%20its%20region.svg,399440,14338500000
BT,http://www.wikidata.org/entity/Q917,Bhutan,https://en.wikipedia.org/wiki/Bhutan,38394,http://commons.wikimedia.org/wiki/Special:FilePath/Flag%20of%20Bhutan.svg,184629,Asia,Dzongkha,http://commons.wikimedia.org/wiki/Special:FilePath/Bhutan%20%28orthographic%20projection%29.svg,787424,2539551327
BW,http://www.wikidata.org/entity/Q963,Botswana,https://en.wikipedia.org/wiki/Botswana,581737,http://commons.wikimedia.org/wiki/Special:FilePath/Flag%20of%20Botswana.svg,1889339,Africa,English,http://commons.wikimedia.org/wiki/Special:FilePath/Botswana%20%28orthographic%20projection%29.svg,2480244,20352322157
BY,http://www.wikidata.org/entity/Q184,Belarus,https://en.wikipedia.org/wiki/Belarus,207595,http://commons.wikimedia.org/wiki/Special:FilePath/Flag%20of%20Belarus.svg,59065,Europe,"Russian, Belarusian",http://commons.wikimedia.org/wiki/Special:FilePath/Belarus%20on%20the%20globe%20%28Europe%20centered%29.svg,9109280,71857382745
BZ,http://www.wikidata.org/entity/Q242,Belize,https://en.wikipedia.org/wiki/Belize,22966,http://commons.wikimedia.org/wiki/Special:FilePath/Flag%20of%20Belize.svg,287827,North America,English,http://commons.wikimedia.org/wiki/Special:FilePath/Belize%20in%20its%20region.svg,411106,3066850000
CA,http://www.wikidata.org/entity/Q16,Canada,https://en.wikipedia.org/wiki/Canada,9984670,http://commons.wikimedia.org/wiki/Special:FilePath/Flag%20of%20Canada%20%28Pantone%29.svg,1428125,North America,"French, English",http://commons.wikimedia.org/wiki/Special:FilePath/CAN%20orthographic.svg,40000000,2206764000000
CD,http://www.wikidata.org/entity/Q974,Democratic Republic of the Congo,https://en.wikipedia.org/wiki/Democratic_Republic_of_the_Congo,2344858,http://commons.wikimedia.org/wiki/Special:FilePath/Flag%20of%20the%20Democratic%20Republic%20of%20the%20Congo.svg,192795,Africa,French,http://commons.wikimedia.org/wiki/Special:FilePath/COD%20orthographic.svg,105789731,58065953573
CF,http://www.wikidata.org/entity/Q929,Central African Republic,https://en.wikipedia.org/wiki/Central_African_Republic,622984,http://commons.wikimedia.org/wiki/Special:FilePath/Flag%20of%20the%20Central%20African%20Republic.svg,192790,Africa,"French, Sango",http://commons.wikimedia.org/wiki/Special:FilePath/CAF%20orthographic.svg,5152421,2382618615
CG,http://www.wikidata.org/entity/Q971,Republic of the Congo,https://en.wikipedia.org/wiki/Republic_of_the_Congo,342000,http://commons.wikimedia.org/wiki/Special:FilePath/Flag%20of%20the%20Republic%20of%20the%20Congo.svg,192794,Africa,French,http://commons.wikimedia.org/wiki/Special:FilePath/LocationRepublicoftheCongo.svg,6142180,14615532210
CH,http://www.wikidata.org/entity/Q39,Switzerland,https://en.wikipedia.org/wiki/Switzerland,41285,http://commons.wikimedia.org/wiki/Special:FilePath/Flag%20of%20Switzerland.svg,51701,Europe,"French, German, Italian, Romansh",http://commons.wikimedia.org/wiki/Special:FilePath/Switzerland%20on%20the%20globe%20%28Europe%20centered%29.svg,8962300,807706035352
CI,http://www.wikidata.org/entity/Q1008,Ivory Coast,https://en.wikipedia.org/wiki/Ivory_Coast,322463,http://commons.wikimedia.org/wiki/Special:FilePath/Flag%20of%20C%C3%B4te%20d%27Ivoire.svg,192779,Africa,French,http://commons.wikimedia.org/wiki/Special:FilePath/CIV%20orthographic.svg,31165654,70018715017
CL,http://www.wikidata.org/entity/Q298,Chile,https://en.wikipedia.org/wiki/Chile,756102,http://commons.wikimedia.org/wiki/Special:FilePath/Flag%20of%20Chile.svg,167454,South America,Spanish,http://commons.wikimedia.org/wiki/Special:FilePath/CHL%20orthographic%20%28%2Ball%20claims%29.svg,19458000,301025249438
CM,http://www.wikidata.org/entity/Q1009,Cameroon,https://en.wikipedia.org/wiki/Cameroon,475442,http://commons.wikimedia.org/wiki/Special:FilePath/Flag%20of%20Cameroon.svg,192830,Africa,"French, English",http://commons.wikimedia.org/wiki/Special:FilePath/CMR%20orthographic.svg,28372687,44341646509
CN,http://www.wikidata.org/entity/Q148,People's Republic of China,https://en.wikipedia.org/wiki/China,9596961,http://commons.wikimedia.org/wiki/Special:FilePath/Flag%20of%20the%20People%27s%20Republic%20of%20China.svg,270056,Asia,Putonghua,http://commons.wikimedia.org/wiki/Special:FilePath/CHN%20orthographic.svg,1442965000,17963170521080
CO,http://www.wikidata.org/entity/Q739,Colombia,https://en.wikipedia.org/wiki/Colombia,1141748,http://commons.wikimedia.org/wiki/Special:FilePath/Flag%20of%20Colombia.svg,120027,South America,Spanish,http://commons.wikimedia.org/wiki/Special:FilePath/COL%20orthographic%20%28San%20Andr%C3%A9s%20and%20Providencia%20special%29.svg,52321152,343939445259
CR,http://www.wikidata.org/entity/Q800,Costa Rica,https://en.wikipedia.org/wiki/Costa_Rica,51179.92,http://commons.wikimedia.org/wiki/Special:FilePath/Flag%20of%20Costa%20Rica.svg,287667,North America,Spanish,http://commons.wikimedia.org/wiki/Special:FilePath/Costa%20Rica%20%28orthographic%20projection%29.svg,5044197,68380838316
CU,http://www.wikidata.org/entity/Q241,Cuba,https://en.wikipedia.org/wiki/Cuba,109884,http://commons.wikimedia.org/wiki/Special:FilePath/Flag%20of%20Cuba.svg,307833,North America,Spanish,http://commons.wikimedia.org/wiki/Special:FilePath/Cuba%20%28orthographic%20projection%29.svg,10985974,
CV,http://www.wikidata.org/entity/Q1011,Cape Verde,https://en.wikipedia.org/wiki/Cape_Verde,4033,http://commons.wikimedia.org/wiki/Special:FilePath/Flag%20of%20Cape%20Verde.svg,535774,Africa,"Portuguese, Cape Verdean Creole",http://commons.wikimedia.org/wiki/Special:FilePath/CPV%20orthographic%20NaturalEarth.svg,555988,2314816792
CY,http://www.wikidata.org/entity/Q229,Cyprus,https://en.wikipedia.org/wiki/Cyprus,9242.45,http://commons.wikimedia.org/wiki/Special:FilePath/Flag%20of%20Cyprus.svg,3263726,Europe,"Turkish, Greek, Modern Greek",http://commons.wikimedia.org/wiki/Special:FilePath/EU-Cyprus%20highlighted.svg,1344976,28439052741
CZ,http://www.wikidata.org/entity/Q213,Czech Republic,https://en.wikipedia.org/wiki/Czech_Republic,78866,http://commons.wikimedia.org/wiki/Special:FilePath/Flag%20of%20the%20Czech%20Republic.svg,51684,Europe,Czech,http://commons.wikimedia.org/wiki/Special:FilePath/EU-Czech%20Republic.svg,10909500,250681000000
DE,http://www.wikidata.org/entity/Q183,Germany,https://en.wikipedia.org/wiki/Germany,357587.77,http://commons.wikimedia.org/wiki/Special:FilePath/Flag%20of%20Germany.svg,51477,Europe,German,http://commons.wikimedia.org/wiki/Special:FilePath/Germany%20%28orthographic%20projection%29.svg,84358845,4121200000000
DJ,http://www.wikidata.org/entity/Q977,Djibouti,https://en.wikipedia.org/wiki/Djibouti,23200,http://commons.wikimedia.org/wiki/Special:FilePath/Flag%20of%20Djibouti.svg,192801,Africa,"French, Arabic",http://commons.wikimedia.org/wiki/Special:FilePath/Djibouti%20%28orthographic%20projection%29.svg,1152944,3515109075
DK,http://www.wikidata.org/entity/Q756617,Kingdom of Denmark,https://en.wikipedia.org/wiki/Danish_Realm,2220930,http://commons.wikimedia.org/wiki/Special:FilePath/Flag%20of%20Denmark.svg,9112011,Europe,"Danish, Faroese, Greenlandic",http://commons.wikimedia.org/wiki/Special:FilePath/Kingdom%20of%20Denmark%20%28orthographic%20projection%29.svg,5930987,
DM,http://www.wikidata.org/entity/Q784,Dominica,https://en.wikipedia.org/wiki/Dominica,751.096551,http://commons.wikimedia.org/wiki/Special:FilePath/Flag%20of%20Dominica.svg,307823,North America,English,http://commons.wikimedia.org/wiki/Special:FilePath/LocationDominica.svg,74656,612048148
DO,http://www.wikidata.org/entity/Q786,Dominican Republic,https://en.wikipedia.org/wiki/Dominican_Republic,48670.82,http://commons.wikimedia.org/wiki/Special:FilePath/Flag%20of%20the%20Dominican%20Republic.svg,307828,North America,Spanish,http://commons.wikimedia.org/wiki/Special:FilePath/LocationDominicanRepublic.svg,10760028,113641857434
DZ,http://www.wikidata.org/entity/Q262,Algeria,https://en.wikipedia.org/wiki/Algeria,2381741,http://commons.wikimedia.org/wiki/Special:FilePath/Flag%20of%20Algeria.svg,192756,Africa,"Arabic, Standard Algerian Berber",http://commons.wikimedia.org/wiki/Special:FilePath/Algeria%20%28centered%20orthographic%20projection%29.svg,46164219,191912889421
EC,http://www.wikidata.org/entity/Q736,Ecuador,https://en.wikipedia.org/wiki/Ecuador,257204.27,http://commons.wikimedia.org/wiki/Special:FilePath/Flag%20of%20Ecuador.svg,108089,South America,"Spanish, Shuar, Northern Quichua",http://commons.wikimedia.org/wiki/Special:FilePath/ECU%20orthographic.svg,16938986,115049476000
EE,http://www.wikidata.org/entity/Q191,Estonia,https://en.wikipedia.org/wiki/Estonia,45335,http://commons.wikimedia.org/wiki/Special:FilePath/Flag%20of%20Estonia.svg,79510,Europe,Estonian,http://commons.wikimedia.org/wiki/Special:FilePath/EU-Estonia.svg,1369995,38100812959
EG,http://www.wikidata.org/entity/Q79,Egypt,https://en.wikipedia.org/wiki/Egypt,1010407.87,http://commons.wikimedia.org/wiki/Special:FilePath/Flag%20of%20Egypt.svg,1473947,Africa,Arabic,http://commons.wikimedia.org/wiki/Special:FilePath/EGY%20orthographic.svg,107476864,476747720365
ER,http://www.wikidata.org/entity/Q986,Eritrea,https://en.wikipedia.org/wiki/Eritrea,117600,http://commons.wikimedia.org/wiki/Special:FilePath/Flag%20of%20Eritrea.svg,296961,Africa,"English, Arabic, Tigrinya",http://commons.wikimedia.org/wiki/Special:FilePath/Eritrea%20%28Africa%20orthographic%20projection%29.svg,3497000,
ES,http://www.wikidata.org/entity/Q29,Spain,https://en.wikipedia.org/wiki/Spain,505990,http://commons.wikimedia.org/wiki/Special:FilePath/Flag%20of%20Spain.svg,1311341,Europe,Spanish,http://commons.wikimedia.org/wiki/Special:FilePath/Spain%20on%20the%20globe%20%28Europe%20centered%29.svg,48592909,1397509272054
ET,http://www.wikidata.org/entity/Q115,Ethiopia,https://en.wikipedia.org/wiki/Ethiopia,1104300,http://commons.wikimedia.org/wiki/Special:FilePath/Flag%20of%20Ethiopia.svg,192800,Africa,Amharic,http://commons.wikimedia.org/wiki/Special:FilePath/Ethiopia%20%28Africa%20orthographic%20projection%29.svg,128691692,126783472501
FI,http://www.wikidata.org/entity/Q33,Finland,https://en.wikipedia.org/wiki/Finland,338478.34,http://commons.wikimedia.org/wiki/Special:FilePath/Flag%20of%20Finland.svg,54224,Europe,"Finnish, Swedish",http://commons.wikimedia.org/wiki/Special:FilePath/Finland%20on%20the%20globe%20%28Europe%20centered%29.svg,5608218,280825957768
FJ,http://www.wikidata.org/entity/Q712,Fiji,https://en.wikipedia.org/wiki/Fiji,18274,http://commons.wikimedia.org/wiki/Special:FilePath/Flag%20of%20Fiji.svg,571747,Oceania,"English, Fijian, Fiji Hindi",http://commons.wikimedia.org/wiki/Special:FilePath/Fiji%20%28orthographic%20projection%29.svg,926276,4943248200
FM,http://www.wikidata.org/entity/Q702,Federated States of Micronesia,https://en.wikipedia.org/wiki/Federated_States_of_Micronesia,702,http://commons.wikimedia.org/wiki/Special:FilePath/Flag%20of%20the%20Federated%20States%20of%20Micronesia.svg,571802,Oceania,English,http://commons.wikimedia.org/wiki/Special:FilePath/Micronesia%20on%20the%20globe%20%28small%20islands%20magnified%29%20%28Polynesia%20centered%29.svg,105544,427094119
FR,http://www.wikidata.org/entity/Q142,France,https://en.wikipedia.org/wiki/France,643801,http://commons.wikimedia.org/wiki/Special:FilePath/Flag%20of%20France.svg,2202162,Europe,French,http://commons.wikimedia.org/wiki/Special:FilePath/EU-France%20%28orthographic%20projection%29.svg,68605616,2782905325625
GA,http://www.wikidata.org/entity/Q1000,Gabon,https://en.wikipedia.org/wiki/Gabon,267667,http://commons.wikimedia.org/wiki/Special:FilePath/Flag%20of%20Gabon.svg,192793,Africa,French,http://commons.wikimedia.org/wiki/Special:FilePath/Gabon%20%28orthographic%20projection%29.svg,2300000,4800000000
GB,http://www.wikidata.org/entity/Q145,United Kingdom,https://en.wikipedia.org/wiki/United_Kingdom,242495,http://commons.wikimedia.org/wiki/Special:FilePath/Flag%20of%20the%20United%20Kingdom%20%283-5%29.svg,62149,Europe,English,http://commons.wikimedia.org/wiki/Special:FilePath/Europe-UK.svg,67326569,3070667732359
GD,http://www.wikidata.org/entity/Q769,Grenada,https://en.wikipedia.org/wiki/Grenada,348.5,http://commons.wikimedia.org/wiki/Special:FilePath/Flag%20of%20Grenada.svg,550727,North America,"English, Grenadian Creole English",http://commons.wikimedia.org/wiki/Special:FilePath/Grenada%20in%20its%20region.svg,114299,1256413185
GE,http://www.wikidata.org/entity/Q230,Georgia,https://en.wikipedia.org/wiki/Georgia_(country),69700,http://commons.wikimedia.org/wiki/Special:FilePath/Flag%20of%20Georgia.svg,28699,Europe,"Abkhaz, Georgian",http://commons.wikimedia.org/wiki/Special:FilePath/Georgia%20%28orthographic%20projection%20with%20inset%29.svg,3694600,24605375420
GH,http://www.wikidata.org/entity/Q117,Ghana,https://en.wikipedia.org/wiki/Ghana,238535,http://commons.wikimedia.org/wiki/Special:FilePath/Flag%20of%20Ghana.svg,192781,Africa,English,http://commons.wikimedia.org/wiki/Special:FilePath/Ghana%20%28orthographic%20projection%29.svg,32833031,72838798788
GM,http://www.wikidata.org/entity/Q1005,The Gambia,https://en.wikipedia.org/wiki/The_Gambia,11300,http://commons.wikimedia.org/wiki/Special:FilePath/Flag%20of%20The%20Gambia.svg,192774,Africa,English,http://commons.wikimedia.org/wiki/Special:FilePath/Gambia%20%28orthographic%20projection%20with%20inset%29.svg,2639916,2396111020
GN,http://www.wikidata.org/entity/Q1006,Guinea,https://en.wikipedia.org/wiki/Guinea,245857,http://commons.wikimedia.org/wiki/Special:FilePath/Flag%20of%20Guinea.svg,192778,Africa,French,http://commons.wikimedia.org/wiki/Special:FilePath/Guinea%20%28orthographic%20projection%29.svg,12717176,21227749389
GQ,http://www.wikidata.org/entity/Q983,Equatorial Guinea,https://en.wikipedia.org/wiki/Equatorial_Guinea,28051,http://commons.wikimedia.org/wiki/Special:FilePath/Flag%20of%20Equatorial%20Guinea.svg,192791,Africa,"French, Spanish, Portuguese",http://commons.wikimedia.org/wiki/Special:FilePath/LocationEquatorialGuinea.svg,1847549,11813908448
GR,http://www.wikidata.org/entity/Q41,Greece,https://en.wikipedia.org/wiki/Greece,131957,http://commons.wikimedia.org/wiki/Special:FilePath/Flag%20of%20Greece.svg,192307,Europe,"Greek, Demotic Greek, Modern Greek",http://commons.wikimedia.org/wiki/Special:FilePath/Greece%20on%20the%20globe%20%28Europe%20centered%29.svg,10566531,219065872466
GT,http://www.wikidata.org/entity/Q774,Guatemala,https://en.wikipedia.org/wiki/Guatemala,108889,http://commons.wikimedia.org/wiki/Special:FilePath/Flag%20of%20Guatemala.svg,1521463,North America,Spanish,http://commons.wikimedia.org/wiki/Special:FilePath/Guatemala%20on%20the%20globe%20%28Americas%20centered%29.svg,17263239,95003333381
GW,http://www.wikidata.org/entity/Q1007,Guinea-Bissau,https://en.wikipedia.org/wiki/Guinea-Bissau,36125,http://commons.wikimedia.org/wiki/Special:FilePath/Flag%20of%20Guinea-Bissau.svg,192776,Africa,Portuguese,http://commons.wikimedia.org/wiki/Special:FilePath/Guinea-Bissau%20on%20the%20globe%20%28Africa%20centered%29.svg,1861283,1633559092
GY,http://www.wikidata.org/entity/Q734,Guyana,https://en.wikipedia.org/wiki/Guyana,214970,http://commons.wikimedia.org/wiki/Special:FilePath/Flag%20of%20Guyana.svg,287083,South America,English,http://commons.wikimedia.org/wiki/Special:FilePath/GUY%20orthographic.svg,777859,15357537068
HN,http://www.wikidata.org/entity/Q783,Honduras,https://en.wikipedia.org/wiki/Honduras,112492,http://commons.wikimedia.org/wiki/Special:FilePath/Flag%20of%20Honduras%20%282022-%29.svg,287670,North America,Spanish,http://commons.wikimedia.org/wiki/Special:FilePath/Honduras%20%28orthographic%20projection%29.svg,10062994,31717700115
HR,http://www.wikidata.org/entity/Q224,Croatia,https://en.wikipedia.org/wiki/Croatia,56594,http://commons.wikimedia.org/wiki/Special:FilePath/Flag%20of%20Croatia.svg,214885,Europe,Croatian,http://commons.wikimedia.org/wiki/Special:FilePath/EU-Croatia%20%28orthographic%20projection%29.png,3871833,70964606465
HT,http://www.wikidata.org/entity/Q790,Haiti,https://en.wikipedia.org/wiki/Haiti,27750,http://commons.wikimedia.org/wiki/Special:FilePath/Flag%20of%20Haiti.svg,307829,North America,"French, Haitian Creole",http://commons.wikimedia.org/wiki/Special:FilePath/Haiti%20%28orthographic%20projection%29.svg,10981229,20253551885
HU,http://www.wikidata.org/entity/Q28,Hungary,https://en.wikipedia.org/wiki/Hungary,93011.4,http://commons.wikimedia.org/wiki/Special:FilePath/Flag%20of%20Hungary.svg,21335,Europe,Hungarian,http://commons.wikimedia.org/wiki/Special:FilePath/Hungary%20on%20the%20globe%20%28Europe%20centered%29.svg,9599744,181848022230
ID,http://www.wikidata.org/entity/Q252,Indonesia,https://en.wikipedia.org/wiki/Indonesia,1904570,http://commons.wikimedia.org/wiki/Special:FilePath/Flag%20of%20Indonesia.svg,304751,Asia,Indonesian,http://commons.wikimedia.org/wiki/Special:FilePath/Indonesia%20%28orthographic%20projection%29.svg,275439000,1319100220389
IE,http://www.wikidata.org/entity/Q27,Ireland,https://en.wikipedia.org/wiki/Republic_of_Ireland,69797,http://commons.wikimedia.org/wiki/Special:FilePath/Flag%20of%20Ireland.svg,62273,Europe,"English, Irish",http://commons.wikimedia.org/wiki/Special:FilePath/EU-Ireland%20%28orthographic%20projection%29.svg,5149139,529244870223
IL,http://www.wikidata.org/entity/Q801,Israel,https://en.wikipedia.org/wiki/Israel,20770,http://commons.wikimedia.org/wiki/Special:FilePath/Flag%20of%20Israel.svg,1473946,Asia,Hebrew,http://commons.wikimedia.org/wiki/Special:FilePath/Israel%20%28orthographic%20projection%29%20with%20disputed%20territories.svg,9840000,520700000000
IN,http://www.wikidata.org/entity/Q668,India,https://en.wikipedia.org/wiki/India,3287263,http://commons.wikimedia.org/wiki/Special:FilePath/Flag%20of%20India.svg,304716,Asia,"Hindi, English",http://commons.wikimedia.org/wiki/Special:FilePath/India%20%28orthographic%20projection%29.svg,1326093247,3385089881935
IQ,http://www.wikidata.org/entity/Q796,Iraq,https://en.wikipedia.org/wiki/Iraq,437072,http://commons.wikimedia.org/wiki/Special:FilePath/Flag%20of%20Iraq.svg,304934,Asia,"Arabic, Kurdish",http://commons.wikimedia.org/wiki/Special:FilePath/Iraq%20%28orthographic-projection%29.svg,38274618,264182173793
IR,http://www.wikidata.org/entity/Q794,Iran,https://en.wikipedia.org/wiki/Iran,1648195,http://commons.wikimedia.org/wiki/Special:FilePath/Flag%20of%20Iran.svg,304938,Asia,Persian,http://commons.wikimedia.org/wiki/Special:FilePath/Iran%20%28orthographic%20projection%29.svg,86758304,388544468140
IS,http://www.wikidata.org/entity/Q189,Iceland,https://en.wikipedia.org/wiki/Iceland,103004,http://commons.wikimedia.org/wiki/Special:FilePath/Flag%20of%20Iceland.svg,299133,Europe,Icelandic,http://commons.wikimedia.org/wiki/Special:FilePath/Iceland%20%28orthographic%20projection%29.svg,376248,27841648044
IT,http://www.wikidata.org/entity/Q38,Italy,https://en.wikipedia.org/wiki/Italy,302068,http://commons.wikimedia.org/wiki/Special:FilePath/Flag%20of%20Italy.svg,365331,Europe,Italian,http://commons.wikimedia.org/wiki/Special:FilePath/Italy%20on%20the%20globe%20%28Europe%20centered%29.svg,58850717,2010431598465
JM,http://www.wikidata.org/entity/Q766,Jamaica,https://en.wikipedia.org/wiki/Jamaica,10991.90954,http://commons.wikimedia.org/wiki/Special:FilePath/Flag%20of%20Jamaica.svg,555017,North America,"English, Jamaican Patois",http://commons.wikimedia.org/wiki/Special:FilePath/Jamaica%20%28orthographic%20projection%29.svg,2734093,17097760745
JO,http://www.wikidata.org/entity/Q810,Jordan,https://en.wikipedia.org/wiki/Jordan,89341,http://commons.wikimedia.org/wiki/Special:FilePath/Flag%20of%20Jordan.svg,184818,Asia,Arabic,http://commons.wikimedia.org/wiki/Special:FilePath/Jordan%20on%20the%20globe%20%28Afro-Eurasia%20centered%29.svg,10428241,47451499859
JP,http://www.wikidata.org/entity/Q17,Japan,https://en.wikipedia.org/wiki/Japan,377972.28,http://commons.wikimedia.org/wiki/Special:FilePath/Flag%20of%20Japan.svg,382313,Asia,Japanese,http://commons.wikimedia.org/wiki/Special:FilePath/Japan%20on%20the%20globe%20%28de-facto%29%20%28Japan%20centered%29.svg,123802000,4231141201863
KE,http://www.wikidata.org/entity/Q114,Kenya,https://en.wikipedia.org/wiki/Kenya,581309,http://commons.wikimedia.org/wiki/Special:FilePath/Flag%20of%20Kenya.svg,192798,Africa,"English, Swahili",http://commons.wikimedia.org/wiki/Special:FilePath/Kenya%20%28orthographic%20projection%29.svg,47564296,113420008179
KG,http://www.wikidata.org/entity/Q813,Kyrgyzstan,https://en.wikipedia.org/wiki/Kyrgyzstan,199951,http://commons.wikimedia.org/wiki/Special:FilePath/Flag%20of%20Kyrgyzstan.svg,178009,Asia,Kyrgyz,http://commons.wikimedia.org/wiki/Special:FilePath/Kyrgyzstan%20on%20the%20globe%20%28Eurasia%20centered%29.svg,6694200,10930644915
KH,http://www.wikidata.org/entity/Q424,Cambodia,https://en.wikipedia.org/wiki/Cambodia,181035,http://commons.wikimedia.org/wiki/Special:FilePath/Flag%20of%20Cambodia.svg,49898,Asia,Khmer,http://commons.wikimedia.org/wiki/Special:FilePath/Cambodia%20on%20the%20globe%20%28Asia%20centered%29.svg,17423880,29956769529
KI,http://www.wikidata.org/entity/Q710,Kiribati,https://en.wikipedia.org/wiki/Kiribati,811,http://commons.wikimedia.org/wiki/Special:FilePath/Flag%20of%20Kiribati.svg,571178,Oceania,"English, Gilbertese",http://commons.wikimedia.org/wiki/Special:FilePath/Kiribati%20on%20the%20globe%20%28Polynesia%20centered%29.svg,119438,223352943
KM,http://www.wikidata.org/entity/Q970,Comoros,https://en.wikipedia.org/wiki/Comoros,2034,http://commons.wikimedia.org/wiki/Special:FilePath/Flag%20of%20the%20Comoros.svg,535790,Africa,"French, Arabic, Comorian",http://commons.wikimedia.org/wiki/Special:FilePath/Comoros%20%28orthographic%20projection%29.svg,902348,1242519407
KN,http://www.wikidata.org/entity/Q763,Saint Kitts and Nevis,https://en.wikipedia.org/wiki/Saint_Kitts_and_Nevis,269.358763,http://commons.wikimedia.org/wiki/Special:FilePath/Flag%20of%20Saint%20Kitts%20and%20Nevis.svg,536899,North America,English,http://commons.wikimedia.org/wiki/Special:FilePath/KNA%20orthographic.svg,55345,961563259
KP,http://www.wikidata.org/entity/Q423,North Korea,https://en.wikipedia.org/wiki/North_Korea,120540,http://commons.wikimedia.org/wiki/Special:FilePath/Flag%20of%20North%20Korea.svg,192734,Asia,"Korean, North Korean standard language",http://commons.wikimedia.org/wiki/Special:FilePath/LocationNorthKorea.svg,26418204,
KR,http://www.wikidata.org/entity/Q884,South Korea,https://en.wikipedia.org/wiki/South_Korea,100295,http://commons.wikimedia.org/wiki/Special:FilePath/Flag%20of%20South%20Korea.svg,307756,Asia,"Korean, Korean Sign Language",http://commons.wikimedia.org/wiki/Special:FilePath/South%20Korea%20%28orthographic%20projection%29.svg,51628117,1665245538595
KW,http://www.wikidata.org/entity/Q817,Kuwait,https://en.wikipedia.org/wiki/Kuwait,17818,http://commons.wikimedia.org/wiki/Special:FilePath/Flag%20of%20Kuwait.svg,305099,Asia,Arabic,http://commons.wikimedia.org/wiki/Special:FilePath/KWT%20orthographic.svg,4464000,184558274289
KZ,http://www.wikidata.org/entity/Q232,Kazakhstan,https://en.wikipedia.org/wiki/Kazakhstan,2724900,http://commons.wikimedia.org/wiki/Special:FilePath/Flag%20of%20Kazakhstan.svg,214665,Asia,"Russian, Kazakh",http://commons.wikimedia.org/wiki/Special:FilePath/Kazakhstan%20%28orthographic%20projection%29.svg,20139914,220623001967
LA,http://www.wikidata.org/entity/Q819,Laos,https://en.wikipedia.org/wiki/Laos,236800,http://commons.wikimedia.org/wiki/Special:FilePath/Flag%20of%20Laos.svg,49903,Asia,Lao,http://commons.wikimedia.org/wiki/Special:FilePath/Laos%20on%20the%20globe%20%28Asia%20centered%29.svg,6858160,15724383783
LB,http://www.wikidata.org/entity/Q822,Lebanon,https://en.wikipedia.org/wiki/Lebanon,10452,http://commons.wikimedia.org/wiki/Special:FilePath/Flag%20of%20Lebanon.svg,184843,Asia,Arabic,http://commons.wikimedia.org/wiki/Special:FilePath/Lebanon%20%28orthographic%20projection%29.svg,5261372,23131941557
LC,http://www.wikidata.org/entity/Q760,Saint Lucia,https://en.wikipedia.org/wiki/Saint_Lucia,617.012867,http://commons.wikimedia.org/wiki/Special:FilePath/Flag%20of%20Saint%20Lucia.svg,550728,North America,English,http://commons.wikimedia.org/wiki/Special:FilePath/Saint%20Lucia%20on%20the%20globe%20%28Americas%20centered%29.svg,167591,2065027556
LI,http://www.wikidata.org/entity/Q347,Liechtenstein,https://en.wikipedia.org/wiki/Liechtenstein,160,http://commons.wikimedia.org/wiki/Special:FilePath/Flag%20of%20Liechtenstein.svg,1155955,Europe,German,http://commons.wikimedia.org/wiki/Special:FilePath/Liechtenstein%20on%20the%20globe%20%28Europe%20centered%29.svg,38020,7186428783
LK,http://www.wikidata.org/entity/Q854,Sri Lanka,https://en.wikipedia.org/wiki/Sri_Lanka,65610,http://commons.wikimedia.org/wiki/Special:FilePath/Flag%20of%20Sri%20Lanka.svg,536807,Asia,"Tamil, Sinhala",http://commons.wikimedia.org/wiki/Special:FilePath/Sri%20Lanka%20%28orthographic%20projection%29.svg,22037000,74403578363
LR,http://www.wikidata.org/entity/Q1014,Liberia,https://en.wikipedia.org/wiki/Liberia,111369,http://commons.wikimedia.org/wiki/Special:FilePath/Flag%20of%20Liberia.svg,192780,Africa,English,http://commons.wikimedia.org/wiki/Special:FilePath/Liberia%20%28orthographic%20projection%29.svg,5214030,4001047150
LS,http://www.wikidata.org/entity/Q1013,Lesotho,https://en.wikipedia.org/wiki/Lesotho,30355,http://commons.wikimedia.org/wiki/Special:FilePath/Flag%20of%20Lesotho.svg,2093234,Africa,"English, Sesotho",http://commons.wikimedia.org/wiki/Special:FilePath/Lesotho%20%28orthographic%20projection%20with%20inset%29.svg,2233339,2553459763
LT,http://www.wikidata.org/entity/Q37,Lithuania,https://en.wikipedia.org/wiki/Lithuania,65300,http://commons.wikimedia.org/wiki/Special:FilePath/Flag%20of%20Lithuania.svg,72596,Europe,Lithuanian,http://commons.wikimedia.org/wiki/Special:FilePath/Lithuania%20on%20the%20globe%20%28Europe%20centered%29.svg,2860002,70334299008
LU,http://www.wikidata.org/entity/Q32,Luxembourg,https://en.wikipedia.org/wiki/Luxembourg,2586.36,http://commons.wikimedia.org/wiki/Special:FilePath/Flag%20of%20Luxembourg.svg,2171347,Europe,"French, German, Luxembourgish",http://commons.wikimedia.org/wiki/Special:FilePath/EU-Luxembourg.svg,681987,82274812251
LV,http://www.wikidata.org/entity/Q211,Latvia,https://en.wikipedia.org/wiki/Latvia,62226.85,http://commons.wikimedia.org/wiki/Special:FilePath/Flag%20of%20Latvia.svg,72594,Europe,Latvian,http://commons.wikimedia.org/wiki/Special:FilePath/Latvia%20on%20the%20globe%20%28Europe%20centered%29.svg,1871882,41153912663
LY,http://www.wikidata.org/entity/Q1016,Libya,https://en.wikipedia.org/wiki/Libya,1759541,http://commons.wikimedia.org/wiki/Special:FilePath/Flag%20of%20Libya.svg,192758,Africa,Arabic,http://commons.wikimedia.org/wiki/Special:FilePath/Libya%20%28orthographic%20projection%29.svg,6678567,45752336036
MA,http://www.wikidata.org/entity/Q1028,Morocco,https://en.wikipedia.org/wiki/Morocco,446550,http://commons.wikimedia.org/wiki/Special:FilePath/Flag%20of%20Morocco.svg,3630439,Africa,"Arabic, Standard Moroccan Amazigh",http://commons.wikimedia.org/wiki/Special:FilePath/Morocco%20WS-excluded%20%28orthographic%20projection%29.svg,36828330,134181587770
MC,http://www.wikidata.org/entity/Q235,Monaco,https://en.wikipedia.org/wiki/Monaco,2.08,http://commons.wikimedia.org/wiki/Special:FilePath/Flag%20of%20Monaco.svg,36990,Europe,French,http://commons.wikimedia.org/wiki/Special:FilePath/Monaco%20on%20the%20globe%20%28Europe%20centered%29.svg,38423,8596156574
MD,http://www.wikidata.org/entity/Q217,Moldova,https://en.wikipedia.org/wiki/Moldova,33843.5,http://commons.wikimedia.org/wiki/Special:FilePath/Flag%20of%20Moldova.svg,58974,Europe,Romanian,http://commons.wikimedia.org/wiki/Special:FilePath/Location%20Moldova%20Europe.png,3599528,14420947884
ME,http://www.wikidata.org/entity/Q236,Montenegro,https://en.wikipedia.org/wiki/Montenegro,13883,http://commons.wikimedia.org/wiki/Special:FilePath/Flag%20of%20Montenegro.svg,53296,Europe,Montenegrin,http://commons.wikimedia.org/wiki/Special:FilePath/LocationMontenegro.svg,617213,6095978868
MG,http://www.wikidata.org/entity/Q1019,Madagascar,https://en.wikipedia.org/wiki/Madagascar,587295,http://commons.wikimedia.org/wiki/Special:FilePath/Flag%20of%20Madagascar.svg,447325,Africa,"French, Malagasy",http://commons.wikimedia.org/wiki/Special:FilePath/MDG%20orthographic.svg,25570895,14954967604
MH,http://www.wikidata.org/entity/Q709,Marshall Islands,https://en.wikipedia.org/wiki/Marshall_Islands,181.43,http://commons.wikimedia.org/wiki/Special:FilePath/Flag%20of%20the%20Marshall%20Islands.svg,571771,Oceania,"English, Marshallese",http://commons.wikimedia.org/wiki/Special:FilePath/Marshall%20Islands%20on%20the%20globe%20%28small%20islands%20magnified%29%20%28Polynesia%20centered%29.svg,54366,279667900
MK,http://www.wikidata.org/entity/Q221,North Macedonia,https://en.wikipedia.org/wiki/North_Macedonia,25713,http://commons.wikimedia.org/wiki/Special:FilePath/Flag%20of%20North%20Macedonia.svg,53293,Europe,"Albanian, Macedonian",http://commons.wikimedia.org/wiki/Special:FilePath/North%20Macedonia%20on%20the%20globe%20%28Europe%20centered%29.svg,1836713,13563132057
ML,http://www.wikidata.org/entity/Q912,Mali,https://en.wikipedia.org/wiki/Mali,1240192,http://commons.wikimedia.org/wiki/Special:FilePath/Flag%20of%20Mali.svg,192785,Africa,"Bambara, Fula, Senufo, Bozo, Maninka, Minyanka, Soninke, Kassonke, Hassaniya Arabic, Songhay, Dogon, Tamasheq, Bobo",http://commons.wikimedia.org/wiki/Special:FilePath/LocationMali.svg,20250833,18827176532
MM,http://www.wikidata.org/entity/Q836,Myanmar,https://en.wikipedia.org/wiki/Myanmar,676577.2,http://commons.wikimedia.org/wiki/Special:FilePath/Flag%20of%20Myanmar.svg,50371,Asia,Burmese,http://commons.wikimedia.org/wiki/Special:FilePath/Myanmar%20on%20the%20globe%20%28Myanmar%20centered%29.svg,53370609,59364362541
MN,http://www.wikidata.org/entity/Q711,Mongolia,https://en.wikipedia.org/wiki/Mongolia,1564116,http://commons.wikimedia.org/wiki/Special:FilePath/Flag%20of%20Mongolia.svg,161033,Asia,Mongolian,http://commons.wikimedia.org/wiki/Special:FilePath/Mongolia%20%28orthographic%20projection%29.svg,3409939,16810883361
MR,http://www.wikidata.org/entity/Q1025,Mauritania,https://en.wikipedia.org/wiki/Mauritania,1030700,http://commons.wikimedia.org/wiki/Special:FilePath/Flag%20of%20Mauritania.svg,192763,Africa,Arabic,http://commons.wikimedia.org/wiki/Special:FilePath/LocationMauritania.svg,4736139,10375460680
MT,http://www.wikidata.org/entity/Q233,Malta,https://en.wikipedia.org/wiki/Malta,316,http://commons.wikimedia.org/wiki/Special:FilePath/Flag%20of%20Malta.svg,365307,Europe,"English, Maltese",http://commons.wikimedia.org/wiki/Special:FilePath/EU-Malta.svg,553214,17765270015
MU,http://www.wikidata.org/entity/Q1027,Mauritius,https://en.wikipedia.org/wiki/Mauritius,2040,http://commons.wikimedia.org/wiki/Special:FilePath/Flag%20of%20Mauritius.svg,535828,Africa,"French, English",http://commons.wikimedia.org/wiki/Special:FilePath/Mauritius%20%28orthographic%20projection%20with%20inset%29.svg,1264613,12898307089
MV,http://www.wikidata.org/entity/Q826,Maldives,https://en.wikipedia.org/wiki/Maldives,298,http://commons.wikimedia.org/wiki/Special:FilePath/Flag%20of%20Maldives.svg,536773,Asia,Divehi,http://commons.wikimedia.org/wiki/Special:FilePath/Maldives%20%28orthographic%20projection%29.svg,436330,6189865408
MW,http://www.wikidata.org/entity/Q1020,Malawi,https://en.wikipedia.org/wiki/Malawi,118484,http://commons.wikimedia.org/wiki/Special:FilePath/Flag%20of%20Malawi.svg,195290,Africa,"English, Chewa",http://commons.wikimedia.org/wiki/Special:FilePath/LocationMalawi.svg,18622104,13164667627
MX,http://www.wikidata.org/entity/Q96,Mexico,https://en.wikipedia.org/wiki/Mexico,1972550,http://commons.wikimedia.org/wiki/Special:FilePath/Flag%20of%20Mexico.svg,114686,North America,"Spanish, Nahuatl, Yucatec Maya",http://commons.wikimedia.org/wiki/Special:FilePath/MEX%20orthographic.svg,132274416,1414187193992
MY,http://www.wikidata.org/entity/Q833,Malaysia,https://en.wikipedia.org/wiki/Malaysia,330803,http://commons.wikimedia.org/wiki/Special:FilePath/Flag%20of%20Malaysia.svg,2108121,Asia,Malay,http://commons.wikimedia.org/wiki/Special:FilePath/Malaysia%20%28orthographic%20projection%29.svg,32447385,406305924656
MZ,http://www.wikidata.org/entity/Q1029,Mozambique,https://en.wikipedia.org/wiki/Mozambique,801590,http://commons.wikimedia.org/wiki/Special:FilePath/Flag%20of%20Mozambique.svg,195273,Africa,Portuguese,http://commons.wikimedia.org/wiki/Special:FilePath/Mozambique%20%28orthographic%20projection%29.svg,29668834,17851491428
NA,http://www.wikidata.org/entity/Q1030,Namibia,https://en.wikipedia.org/wiki/Namibia,825615,http://commons.wikimedia.org/wiki/Special:FilePath/Flag%20of%20Namibia.svg,195266,Africa,English,http://commons.wikimedia.org/wiki/Special:FilePath/Namibia%20%28orthographic%20projection%29.svg,2533794,12607436976
NE,http://www.wikidata.org/entity/Q1032,Niger,https://en.wikipedia.org/wiki/Niger,1267000,http://commons.wikimedia.org/wiki/Special:FilePath/Flag%20of%20Niger.svg,192786,Africa,Hausa,http://commons.wikimedia.org/wiki/Special:FilePath/LocationNiger.svg,21477348,13969605583
NG,http://www.wikidata.org/entity/Q1033,Nigeria,https://en.wikipedia.org/wiki/Nigeria,923768,http://commons.wikimedia.org/wiki/Special:FilePath/Flag%20of%20Nigeria.svg,192787,Africa,English,http://commons.wikimedia.org/wiki/Special:FilePath/Nigeria%20%28orthographic%20projection%29.svg,211400708,477386120636
NI,http://www.wikidata.org/entity/Q811,Nicaragua,https://en.wikipedia.org/wiki/Nicaragua,120340,http://commons.wikimedia.org/wiki/Special:FilePath/Flag%20of%20Nicaragua.svg,287666,North America,Spanish,http://commons.wikimedia.org/wiki/Special:FilePath/Nicaragua%20%28orthographic%20projection%29.svg,6676948,15671583878
NL,http://www.wikidata.org/entity/Q29999,Kingdom of the Netherlands,https://en.wikipedia.org/wiki/Kingdom_of_the_Netherlands,42201,http://commons.wikimedia.org/wiki/Special:FilePath/Flag%20of%20the%20Netherlands.svg,2323309,Europe,Dutch,http://commons.wikimedia.org/wiki/Special:FilePath/Kingdom%20of%20the%20Netherlands%20in%20its%20region%20%28special%20marker%29.svg,17100715,
NO,http://www.wikidata.org/entity/Q20,Norway,https://en.wikipedia.org/wiki/Norway,385207,http://commons.wikimedia.org/wiki/Special:FilePath/Flag%20of%20Norway.svg,1059668,Europe,"Norwegian, Nynorsk, Bokmål, Sámi",http://commons.wikimedia.org/wiki/Special:FilePath/Europe-Norway.svg,5594340,579267365866
NP,http://www.wikidata.org/entity/Q837,Nepal,https://en.wikipedia.org/wiki/Nepal,147181.254346,http://commons.wikimedia.org/wiki/Special:FilePath/Flag%20of%20Nepal.svg,184633,Asia,Nepali,http://commons.wikimedia.org/wiki/Special:FilePath/Nepal%20%28orthographic%20projection%29.svg,29164578,40828247302
NR,http://www.wikidata.org/entity/Q697,Nauru,https://en.wikipedia.org/wiki/Nauru,21,http://commons.wikimedia.org/wiki/Special:FilePath/Flag%20of%20Nauru.svg,571804,Oceania,"English, Nauruan",http://commons.wikimedia.org/wiki/Special:FilePath/Nauru%20on%20the%20globe%20%28small%20islands%20magnified%29%20%28Polynesia%20centered%29.svg,13650,150922211
NZ,http://www.wikidata.org/entity/Q664,New Zealand,https://en.wikipedia.org/wiki/New_Zealand,268021,http://commons.wikimedia.org/wiki/Special:FilePath/Flag%20of%20New%20Zealand.svg,556706,Oceania,"English, New Zealand Sign Language, Māori",http://commons.wikimedia.org/wiki/Special:FilePath/NZL%20orthographic.svg,5118700,247234053739
OM,http://www.wikidata.org/entity/Q842,Oman,https://en.wikipedia.org/wiki/Oman,309500,http://commons.wikimedia.org/wiki/Special:FilePath/Flag%20of%20Muscat.svg,305138,Asia,Arabic,http://commons.wikimedia.org/wiki/Special:FilePath/Oman%20%28better%29%20%28orthographic%20projection%29.svg,4829480,114667360208
PA,http://www.wikidata.org/entity/Q804,Panama,https://en.wikipedia.org/wiki/Panama,74177.3,http://commons.wikimedia.org/wiki/Special:FilePath/Flag%20of%20Panama.svg,287668,South America,Spanish,http://commons.wikimedia.org/wiki/Special:FilePath/PAN%20orthographic.svg,4565559,76522511781
PE,http://www.wikidata.org/entity/Q419,Peru,https://en.wikipedia.org/wiki/Peru,1285216,http://commons.wikimedia.org/wiki/Special:FilePath/Flag%20of%20Peru.svg,288247,South America,"Spanish, Aymara, Quechua",http://commons.wikimedia.org/wiki/Special:FilePath/Peru%20%28orthographic%20projection%29.svg,33726000,242631549613
PG,http://www.wikidata.org/entity/Q691,Papua New Guinea,https://en.wikipedia.org/wiki/Papua_New_Guinea,462840,http://commons.wikimedia.org/wiki/Special:FilePath/Flag%20of%20Papua%20New%20Guinea.svg,307866,Oceania,"English, Hiri Motu, Tok Pisin, Papua New Guinean Sign Language",http://commons.wikimedia.org/wiki/Special:FilePath/Papua%20New%20Guinea%20%28orthographic%20projection%29.svg,8935000,30633444295
PH,http://www.wikidata.org/entity/Q928,Philippines,https://en.wikipedia.org/wiki/Philippines,343448,http://commons.wikimedia.org/wiki/Special:FilePath/Flag%20of%20the%20Philippines.svg,443174,Asia,"English, Filipino, Taglish",http://commons.wikimedia.org/wiki/Special:FilePath/Philippines%20on%20the%20globe%20%28Philippines%20centered%29.svg,109035343,404284327312
PK,http://www.wikidata.org/entity/Q843,Pakistan,https://en.wikipedia.org/wiki/Pakistan,881913,http://commons.wikimedia.org/wiki/Special:FilePath/Flag%20of%20Pakistan.svg,307573,Asia,"Urdu, English",http://commons.wikimedia.org/wiki/Special:FilePath/Pakistan%20on%20the%20globe%20%28de-facto%20and%20claimed%20hatched%29%20%28Afro-Eurasia%20centered%29.svg,223773700,376532751807
PL,http://www.wikidata.org/entity/Q36,Poland,https://en.wikipedia.org/wiki/Poland,312683,http://commons.wikimedia.org/wiki/Special:FilePath/Flag%20of%20Poland.svg,49715,Europe,Polish,http://commons.wikimedia.org/wiki/Special:FilePath/Poland%20on%20the%20globe%20%28Europe%20centered%29.svg,37563071,688176605955
PS,http://www.wikidata.org/entity/Q219060,State of Palestine,https://en.wikipedia.org/wiki/Palestine,6020,http://commons.wikimedia.org/wiki/Special:FilePath/Flag%20of%20Palestine.svg,1703814,Asia,Arabic,http://commons.wikimedia.org/wiki/Special:FilePath/State%20of%20Palestine%20%28orthographic%20projection%29.svg,5227193,19111900000
PT,http://www.wikidata.org/entity/Q45,Portugal,https://en.wikipedia.org/wiki/Portugal,92225,http://commons.wikimedia.org/wiki/Special:FilePath/Flag%20of%20Portugal.svg,295480,Europe,"Portuguese, Mirandese",http://commons.wikimedia.org/wiki/Special:FilePath/Portugal%20on%20the%20globe%20%28Europe%20centered%29.svg,10347892,251945377529
PW,http://www.wikidata.org/entity/Q695,Palau,https://en.wikipedia.org/wiki/Palau,465.550362,http://commons.wikimedia.org/wiki/Special:FilePath/Flag%20of%20Palau.svg,571805,Oceania,"English, Japanese, Palauan",http://commons.wikimedia.org/wiki/Special:FilePath/Palau%20on%20the%20globe%20%28Southeast%20Asia%20centered%29%20%28small%20islands%20magnified%29.svg,21729,217800000
PY,http://www.wikidata.org/entity/Q733,Paraguay,https://en.wikipedia.org/wiki/Paraguay,406756,http://commons.wikimedia.org/wiki/Special:FilePath/Flag%20of%20Paraguay.svg,287077,South America,"Spanish, Guarani",http://commons.wikimedia.org/wiki/Special:FilePath/PRY%20orthographic.svg,6811297,41722295362
QA,http://www.wikidata.org/entity/Q846,Qatar,https://en.wikipedia.org/wiki/Qatar,11437,http://commons.wikimedia.org/wiki/Special:FilePath/Flag%20of%20Qatar.svg,305095,Asia,Arabic,http://commons.wikimedia.org/wiki/Special:FilePath/QAT%20orthographic.svg,2639211,237295575171
RO,http://www.wikidata.org/entity/Q218,Romania,https://en.wikipedia.org/wiki/Romania,238397,http://commons.wikimedia.org/wiki/Special:FilePath/Flag%20of%20Romania.svg,90689,Europe,Romanian,http://commons.wikimedia.org/wiki/Special:FilePath/Romania%20on%20the%20globe%20%28Europe%20centered%29.svg,19053815,301261582924
RS,http://www.wikidata.org/entity/Q403,Serbia,https://en.wikipedia.org/wiki/Serbia,88499,http://commons.wikimedia.org/wiki/Special:FilePath/Flag%20of%20Serbia.svg,1741311,Europe,Serbian,http://commons.wikimedia.org/wiki/Special:FilePath/Europe-Serbia%20%282006%E2%80%932008%29.svg,6605168,63501748652
RU,http://www.wikidata.org/entity/Q159,Russia,https://en.wikipedia.org/wiki/Russia,17075400,http://commons.wikimedia.org/wiki/Special:FilePath/Flag%20of%20Russia.svg,60189,Europe,Russian,http://commons.wikimedia.org/wiki/Special:FilePath/LocationRussia.svg,146119928,2240422438363
RW,http://www.wikidata.org/entity/Q1037,Rwanda,https://en.wikipedia.org/wiki/Rwanda,26338,http://commons.wikimedia.org/wiki/Special:FilePath/Flag%20of%20Rwanda.svg,171496,Africa,"French, English, Swahili, Kinyarwanda",http://commons.wikimedia.org/wiki/Special:FilePath/LocationRwanda.svg,14569341,13312796765
SA,http://www.wikidata.org/entity/Q851,Saudi Arabia,https://en.wikipedia.org/wiki/Saudi_Arabia,2250000,http://commons.wikimedia.org/wiki/Special:FilePath/Flag%20of%20Saudi%20Arabia.svg,307584,Asia,Arabic,http://commons.wikimedia.org/wiki/Special:FilePath/Saudi%20Arabia%20%28orthographic%20projection%29.svg,33000000,1108148978218
SB,http://www.wikidata.org/entity/Q685,Solomon Islands,https://en.wikipedia.org/wiki/Solomon_Islands,28400,http://commons.wikimedia.org/wiki/Special:FilePath/Flag%20of%20the%20Solomon%20Islands.svg,1857436,Oceania,English,http://commons.wikimedia.org/wiki/Special:FilePath/Solomon%20Islands%20on%20the%20globe%20%28Oceania%20centered%29.svg,611343,1595710784
SC,http://www.wikidata.org/entity/Q1042,Seychelles,https://en.wikipedia.org/wiki/Seychelles,459,http://commons.wikimedia.org/wiki/Special:FilePath/Flag%20of%20Seychelles.svg,536765,Africa,"Seychellois Creole, French, English",http://commons.wikimedia.org/wiki/Special:FilePath/SYC%20orthographic.svg,119773,1588406479
SD,http://www.wikidata.org/entity/Q1049,Sudan,https://en.wikipedia.org/wiki/Sudan,1840687,http://commons.wikimedia.org/wiki/Special:FilePath/Flag%20of%20Sudan.svg,192789,Africa,"English, Arabic",http://commons.wikimedia.org/wiki/Special:FilePath/Sudan%20%28orthographic%20projection%29.svg,48945000,51662241775
SE,http://www.wikidata.org/entity/Q34,Sweden,https://en.wikipedia.org/wiki/Sweden,447425.16,http://commons.wikimedia.org/wiki/Special:FilePath/Flag%20of%20Sweden.svg,52822,Europe,Swedish,http://commons.wikimedia.org/wiki/Special:FilePath/Sweden%20on%20the%20globe%20%28Europe%20centered%29.svg,10588818,585939170124
SG,http://www.wikidata.org/entity/Q334,Singapore,https://en.wikipedia.org/wiki/Singapore,719.1,http://commons.wikimedia.org/wiki/Special:FilePath/Flag%20of%20Singapore.svg,536780,Asia,"English, Tamil, Malay, Standard Chinese",http://commons.wikimedia.org/wiki/Special:FilePath/Singapore%20on%20the%20globe%20%28Southeast%20Asia%20centered%29%20zoom.svg,5866139,466788539652
SI,http://www.wikidata.org/entity/Q215,Slovenia,https://en.wikipedia.org/wiki/Slovenia,20271,http://commons.wikimedia.org/wiki/Special:FilePath/Flag%20of%20Slovenia.svg,218657,Europe,Slovene,http://commons.wikimedia.org/wiki/Special:FilePath/EU-Slovenia.svg,2116972,62117768015
SK,http://www.wikidata.org/entity/Q214,Slovakia,https://en.wikipedia.org/wiki/Slovakia,49033.983561,http://commons.wikimedia.org/wiki/Special:FilePath/Flag%20of%20Slovakia.svg,14296,Europe,Slovak,http://commons.wikimedia.org/wiki/Special:FilePath/EU-Slovakia.svg,5419451,115468803972
SL,http://www.wikidata.org/entity/Q1044,Sierra Leone,https://en.wikipedia.org/wiki/Sierra_Leone,71740,http://commons.wikimedia.org/wiki/Special:FilePath/Flag%20of%20Sierra%20Leone.svg,192777,Africa,"English, Krio",http://commons.wikimedia.org/wiki/Special:FilePath/LocationSierraLeone.svg,7557212,3970343852
SM,http://www.wikidata.org/entity/Q238,San Marino,https://en.wikipedia.org/wiki/San_Marino,61.2,http://commons.wikimedia.org/wiki/Special:FilePath/Flag%20of%20San%20Marino.svg,54624,Europe,Italian,http://commons.wikimedia.org/wiki/Special:FilePath/Location%20San%20Marino%20Europe.svg,33600,1855382833
SN,http://www.wikidata.org/entity/Q1041,Senegal,https://en.wikipedia.org/wiki/Senegal,196722,http://commons.wikimedia.org/wiki/Special:FilePath/Flag%20of%20Senegal.svg,192775,Africa,"French, Wolof, Balanta, Badyara",http://commons.wikimedia.org/wiki/Special:FilePath/LocationSenegal.svg,16876720,27684430244
SO,http://www.wikidata.org/entity/Q1045,Somalia,https://en.wikipedia.org/wiki/Somalia,637657,http://commons.wikimedia.org/wiki/Special:FilePath/Flag%20of%20Somalia.svg,192799,Africa,"Somali, Arabic",http://commons.wikimedia.org/wiki/Special:FilePath/Somalia%20%28orthographic%20projection%292.svg,11031386,8126105600
SR,http://www.wikidata.org/entity/Q730,Suriname,https://en.wikipedia.org/wiki/Suriname,163270,http://commons.wikimedia.org/wiki/Special:FilePath/Flag%20of%20Suriname.svg,287082,South America,Dutch,http://commons.wikimedia.org/wiki/Special:FilePath/Suriname1991%20Karte%20umstrittene%20Gebiete.jpg,563402,3620655116
SS,http://www.wikidata.org/entity/Q958,South Sudan,https://en.wikipedia.org/wiki/South_Sudan,644329,http://commons.wikimedia.org/wiki/Special:FilePath/Flag%20of%20South%20Sudan.svg,1656678,Africa,"English, Arabic",http://commons.wikimedia.org/wiki/Special:FilePath/LocationSouthSudan.svg,12575714,
ST,http://www.wikidata.org/entity/Q1039,São Tomé and Príncipe,https://en.wikipedia.org/wiki/S%C3%A3o_Tom%C3%A9_and_Pr%C3%ADncipe,1001,http://commons.wikimedia.org/wiki/Special:FilePath/Flag%20of%20S%C3%A3o%20Tom%C3%A9%20and%20Pr%C3%ADncipe.svg,535880,Africa,Portuguese,http://commons.wikimedia.org/wiki/Special:FilePath/Sao%20Tome%20and%20Principe%20on%20the%20globe%20%28Africa%20centered%29.svg,204327,546680342
SV,http://www.wikidata.org/entity/Q792,El Salvador,https://en.wikipedia.org/wiki/El_Salvador,21041,http://commons.wikimedia.org/wiki/Special:FilePath/Flag%20of%20El%20Salvador.svg,1520612,North America,Spanish,http://commons.wikimedia.org/wiki/Special:FilePath/Orthographic%20Map%20of%20El%20Salvador.svg,6029976,32488720000
SY,http://www.wikidata.org/entity/Q858,Syria,https://en.wikipedia.org/wiki/Syria,185180,http://commons.wikimedia.org/wiki/Special:FilePath/Flag%20of%20Syria%20%282025-%29%20%28stars%20variant%29.svg,184840,Asia,Arabic,http://commons.wikimedia.org/wiki/Special:FilePath/Syria%20%28orthographic%20projection%29.svg,23865423,
SZ,http://www.wikidata.org/entity/Q1050,Eswatini,https://en.wikipedia.org/wiki/Eswatini,17364,http://commons.wikimedia.org/wiki/Special:FilePath/Flag%20of%20Eswatini.svg,88210,Africa,"English, Swazi",http://commons.wikimedia.org/wiki/Special:FilePath/Location%20Eswatini.png,1230506,4854167638
TD,http://www.wikidata.org/entity/Q657,Chad,https://en.wikipedia.org/wiki/Chad,1284000,http://commons.wikimedia.org/wiki/Special:FilePath/Flag%20of%20Chad.svg,2361304,Africa,"French, Arabic",http://commons.wikimedia.org/wiki/Special:FilePath/TCD%20orthographic.svg,19319064,12704149842
TG,http://www.wikidata.org/entity/Q945,Togo,https://en.wikipedia.org/wiki/Togo,56785,http://commons.wikimedia.org/wiki/Special:FilePath/Flag%20of%20Togo%20%283-2%29.svg,192782,Africa,French,http://commons.wikimedia.org/wiki/Special:FilePath/Togo%20on%20the%20globe%20%28Africa%20centered%29.svg,7797694,8126439481
TH,http://www.wikidata.org/entity/Q869,Thailand,https://en.wikipedia.org/wiki/Thailand,513119.5,http://commons.wikimedia.org/wiki/Special:FilePath/Flag%20of%20Thailand.svg,2067731,Asia,Thai,http://commons.wikimedia.org/wiki/Special:FilePath/Thailand%20%28orthographic%20projection%29.svg,66188503,495340592811
TJ,http://www.wikidata.org/entity/Q863,Tajikistan,https://en.wikipedia.org/wiki/Tajikistan,143100,http://commons.wikimedia.org/wiki/Special:FilePath/Flag%20of%20Tajikistan.svg,214626,Asia,"Russian, Tajik",http://commons.wikimedia.org/wiki/Special:FilePath/Tajikistan%20%28orthographic%20projection%29.svg,9504000,10492123388
TL,http://www.wikidata.org/entity/Q574,Timor-Leste,https://en.wikipedia.org/wiki/Timor-Leste,14918.72,http://commons.wikimedia.org/wiki/Special:FilePath/Flag%20of%20East%20Timor.svg,305142,Asia,"Portuguese, Tetum",http://commons.wikimedia.org/wiki/Special:FilePath/Timor%20Leste%20%28orthographic%20projection%29.svg,1360596,3163324631
TM,http://www.wikidata.org/entity/Q874,Turkmenistan,https://en.wikipedia.org/wiki/Turkmenistan,491210,http://commons.wikimedia.org/wiki/Special:FilePath/Flag%20of%20Turkmenistan.svg,223026,Asia,Turkmen,http://commons.wikimedia.org/wiki/Special:FilePath/Turkmenistan%20on%20the%20globe%20%28Turkmenistan%20centered%29.svg,6117933,
TN,http://www.wikidata.org/entity/Q948,Tunisia,https://en.wikipedia.org/wiki/Tunisia,163610,http://commons.wikimedia.org/wiki/Special:FilePath/Flag%20of%20Tunisia.svg,192757,Africa,Arabic,http://commons.wikimedia.org/wiki/Special:FilePath/Tunisia%20%28orthographic%20projection%29.svg,11565204,46664948952
TO,http://www.wikidata.org/entity/Q678,Tonga,https://en.wikipedia.org/wiki/Tonga,748.506563,http://commons.wikimedia.org/wiki/Special:FilePath/Flag%20of%20Tonga.svg,2186665,Oceania,"English, Tongan",http://commons.wikimedia.org/wiki/Special:FilePath/Tonga%20on%20the%20globe%20%28small%20islands%20magnified%29%20%28Polynesia%20centered%29.svg,105697,469228124
TR,http://www.wikidata.org/entity/Q43,Turkey,https://en.wikipedia.org/wiki/Turkey,783562,http://commons.wikimedia.org/wiki/Special:FilePath/Flag%20of%20Turkey.svg,174737,Asia,Turkish,http://commons.wikimedia.org/wiki/Special:FilePath/Turkey%20%28orthographic%20projection%29.svg,85372377,905987824096
TT,http://www.wikidata.org/entity/Q754,Trinidad and Tobago,https://en.wikipedia.org/wiki/Trinidad_and_Tobago,5128,http://commons.wikimedia.org/wiki/Special:FilePath/Flag%20of%20Trinidad%20and%20Tobago.svg,555717,North America,English,http://commons.wikimedia.org/wiki/Special:FilePath/Trinidad%20and%20Tobago%20%28orthographic%20projection%29.svg,1369125,27899082337
TV,http://www.wikidata.org/entity/Q672,Tuvalu,https://en.wikipedia.org/wiki/Tuvalu,25.14,http://commons.wikimedia.org/wiki/Special:FilePath/Flag%20of%20Tuvalu.svg,2177266,Oceania,"English, Tuvaluan",http://commons.wikimedia.org/wiki/Special:FilePath/Tuvalu%20in%20its%20region.svg,10643,60349391
TW,http://www.wikidata.org/entity/Q865,Taiwan,https://en.wikipedia.org/wiki/Taiwan,36193,http://commons.wikimedia.org/wiki/Special:FilePath/Flag%20of%20the%20Republic%20of%20China.svg,449220,Asia,"Taiwanese Sign Language, Amis, Taiwanese Hokkien, Rukai, Bunun, Kanakanavu, Standard Taiwanese Mandarin, Paiwan, Yami, Atayal, Saaroa, Kavalan, Tsou, Seediq, Puyuma, Saisiyat, Sakizaya, Taiwanese Hakka, Truku, Matsu dialect, Kinmen dialect, O-ku-uā",http://commons.wikimedia.org/wiki/Special:FilePath/Locator%20map%20of%20the%20ROC%20Taiwan.svg,23409323,
TZ,http://www.wikidata.org/entity/Q924,Tanzania,https://en.wikipedia.org/wiki/Tanzania,947303,http://commons.wikimedia.org/wiki/Special:FilePath/Flag%20of%20Tanzania.svg,195270,Africa,"English, Swahili",http://commons.wikimedia.org/wiki/Special:FilePath/LocationTanzania.svg,61741120,75709289056
UA,http://www.wikidata.org/entity/Q212,Ukraine,https://en.wikipedia.org/wiki/Ukraine,603550,http://commons.wikimedia.org/wiki/Special:FilePath/Flag%20of%20Ukraine.svg,60199,Europe,Ukrainian,http://commons.wikimedia.org/wiki/Special:FilePath/Ukraine%20%28orthographic%20projection%29.svg,41167335,160502739236
UG,http://www.wikidata.org/entity/Q1036,Uganda,https://en.wikipedia.org/wiki/Uganda,241038,http://commons.wikimedia.org/wiki/Special:FilePath/Flag%20of%20Uganda.svg,192796,Africa,"English, Swahili",http://commons.wikimedia.org/wiki/Special:FilePath/LocationUganda.svg,47123531,45559202049
US,http://www.wikidata.org/entity/Q30,United States,https://en.wikipedia.org/wiki/United_States,9826675,http://commons.wikimedia.org/wiki/Special:FilePath/Flag%20of%20the%20United%20States.svg,148838,North America,English,http://commons.wikimedia.org/wiki/Special:FilePath/United%20States%20-%20Location%20Map%20%282013%29%20-%20USA%20-%20UNOCHA.svg,340110988,27720709000000
UY,http://www.wikidata.org/entity/Q77,Uruguay,https://en.wikipedia.org/wiki/Uruguay,176215,http://commons.wikimedia.org/wiki/Special:FilePath/Flag%20of%20Uruguay.svg,287072,South America,Spanish,http://commons.wikimedia.org/wiki/Special:FilePath/URY%20orthographic.svg,3444263,71177146197
UZ,http://www.wikidata.org/entity/Q265,Uzbekistan,https://en.wikipedia.org/wiki/Uzbekistan,448978,http://commons.wikimedia.org/wiki/Special:FilePath/Flag%20of%20Uzbekistan.svg,196240,Asia,Uzbek,http://commons.wikimedia.org/wiki/Special:FilePath/UZB%20orthographic.svg,34915100,69238900000
VA,http://www.wikidata.org/entity/Q237,Vatican City,https://en.wikipedia.org/wiki/Vatican_City,0.49,http://commons.wikimedia.org/wiki/Special:FilePath/Flag%20of%20Vatican%20City%20%282023%E2%80%93present%29.svg,36989,Europe,"French, Latin, Italian",http://commons.wikimedia.org/wiki/Special:FilePath/Location%20of%20the%20Vatican%20City%20in%20Europe.svg,882,
VC,http://www.wikidata.org/entity/Q757,Saint Vincent and the Grenadines,https://en.wikipedia.org/wiki/Saint_Vincent_and_the_Grenadines,389,http://commons.wikimedia.org/wiki/Special:FilePath/Flag%20of%20Saint%20Vincent%20and%20the%20Grenadines.svg,550725,North America,English,http://commons.wikimedia.org/wiki/Special:FilePath/VCT%20orthographic.svg,100804,948558503
VE,http://www.wikidata.org/entity/Q717,Venezuela,https://en.wikipedia.org/wiki/Venezuela,912050,http://commons.wikimedia.org/wiki/Special:FilePath/Flag%20of%20Venezuela.svg,272644,South America,"Spanish, Venezuelan Sign Language",http://commons.wikimedia.org/wiki/Special:FilePath/VEN%20orthographic.svg,28515829,
VN,http://www.wikidata.org/entity/Q881,Vietnam,https://en.wikipedia.org/wiki/Vietnam,331690,http://commons.wikimedia.org/wiki/Special:FilePath/Flag%20of%20Vietnam.svg,49915,Asia,Vietnamese,http://commons.wikimedia.org/wiki/Special:FilePath/Vietnam%20on%20the%20globe%20%28Asia%20centered%29.svg,96208984,408802379068
VU,http://www.wikidata.org/entity/Q686,Vanuatu,https://en.wikipedia.org/wiki/Vanuatu,12190,http://commons.wikimedia.org/wiki/Special:FilePath/Flag%20of%20Vanuatu.svg,2177246,Oceania,"French, English, Bislama",http://commons.wikimedia.org/wiki/Special:FilePath/Vanuatu%20on%20the%20globe%20%28Polynesia%20centered%29.svg,300019,983582865
WS,http://www.wikidata.org/entity/Q683,Samoa,https://en.wikipedia.org/wiki/Samoa,2842,http://commons.wikimedia.org/wiki/Special:FilePath/Flag%20of%20Samoa.svg,1872673,Oceania,"English, Samoan",http://commons.wikimedia.org/wiki/Special:FilePath/Samoa%20on%20the%20globe%20%28small%20islands%20magnified%29%20%28Polynesia%20centered%29.svg,200010,832421565
YE,http://www.wikidata.org/entity/Q805,Yemen,https://en.wikipedia.org/wiki/Yemen,555000,http://commons.wikimedia.org/wiki/Special:FilePath/Flag%20of%20Yemen.svg,305092,Asia,Arabic,http://commons.wikimedia.org/wiki/Special:FilePath/Yemen%20%28orthographic%20projection%29.svg,28250420,
ZA,http://www.wikidata.org/entity/Q258,South Africa,https://en.wikipedia.org/wiki/South_Africa,1221037,http://commons.wikimedia.org/wiki/Special:FilePath/Flag%20of%20South%20Africa.svg,87565,Africa,"English, Zulu, Xhosa, Afrikaans, Venda, Northern Sotho, Swazi, Tswana, Tsonga, Sesotho, Southern Ndebele, South African Sign Language",http://commons.wikimedia.org/wiki/Special:FilePath/LocationSouthAfrica.svg,62027503,405869718462
ZM,http://www.wikidata.org/entity/Q953,Zambia,https://en.wikipedia.org/wiki/Zambia,752618,http://commons.wikimedia.org/wiki/Special:FilePath/Flag%20of%20Zambia.svg,195271,Africa,English,http://commons.wikimedia.org/wiki/Special:FilePath/Zambia%20%28orthographic%20projection%29.svg,19610769,29784454056
ZW,http://www.wikidata.org/entity/Q954,Zimbabwe,https://en.wikipedia.org/wiki/Zimbabwe,390757,http://commons.wikimedia.org/wiki/Special:FilePath/Flag%20of%20Zimbabwe.svg,195272,Africa,"English, Xhosa, Ndau, Venda, Chewa, Khoisan, Kalanga, Shona, Tonga, Tswana, Tsonga, Sesotho, Northern Ndebele, Nambya, Zimbabwe Sign Language, Barwe",http://commons.wikimedia.org/wiki/Special:FilePath/LocationZimbabwe.svg,15178979,20678055598
