codeiso2,country,countryLabel,wikipedia,area_km2,flag_image,osm_rel_id,continent,languages,locator_map,population,gdp_bd,name,flag_image_url,locator_map_url,wikidata_id
AD,http://www.wikidata.org/entity/Q228,Andorra,Andorra,468,Flag of Andorra.svg,9407,Europe,Catalan,Andorra on the globe (Europe centered).svg,"87,486",3.4,Andorra,http://commons.wikimedia.org/wiki/Special:FilePath/Flag%20of%20Andorra.svg,http://commons.wikimedia.org/wiki/Special:FilePath/Andorra%20on%20the%20globe%20%28Europe%20centered%29.svg,Q228
AE,http://www.wikidata.org/entity/Q878,United Arab Emirates,United_Arab_Emirates,"83,600",Flag of the United Arab Emirates.svg,307763,Asia,Arabic,United Arab Emirates on the globe (United Arab Emirates centered).svg,"9,890,400",514.1,United Arab Emirates,http://commons.wikimedia.org/wiki/Special:FilePath/Flag%20of%20the%20United%20Arab%20Emirates.svg,http://commons.wikimedia.org/wiki/Special:FilePath/United%20Arab%20Emirates%20on%20the%20globe%20%28United%20Arab%20Emirates%20centered%29.svg,Q878
AF,http://www.wikidata.org/entity/Q889,Afghanistan,Afghanistan,"652,230",Flag of the Taliban.svg,303427,Asia,"Uzbek, Turkmen, Arabic, Balochi, Pashayi, Pashto, Nuristani, Dari, Pamir",Afghanistan (orthographic projection).svg,"41,454,761",17.2,Afghanistan,http://commons.wikimedia.org/wiki/Special:FilePath/Flag%20of%20the%20Taliban.svg,http://commons.wikimedia.org/wiki/Special:FilePath/Afghanistan%20%28orthographic%20projection%29.svg,Q889
AG,http://www.wikidata.org/entity/Q781,Antigua and Barbuda,Antigua_and_Barbuda,440,Flag of Antigua and Barbuda.svg,536900,North America,English,LocationAntiguaAndBarbuda.png,"101,489",1.8,Antigua and Barbuda,http://commons.wikimedia.org/wiki/Special:FilePath/Flag%20of%20Antigua%20and%20Barbuda.svg,http://commons.wikimedia.org/wiki/Special:FilePath/LocationAntiguaAndBarbuda.png,Q781
AL,http://www.wikidata.org/entity/Q222,Albania,Albania,"28,748",Flag of Albania.svg,53292,Europe,Albanian,Albania (orthographic projection).svg,"2,811,655",23.5,Albania,http://commons.wikimedia.org/wiki/Special:FilePath/Flag%20of%20Albania.svg,http://commons.wikimedia.org/wiki/Special:FilePath/Albania%20%28orthographic%20projection%29.svg,Q222
AM,http://www.wikidata.org/entity/Q399,Armenia,Armenia,"29,743",Flag of Armenia.svg,364066,Asia,Armenian,Armenia (orthographic projection).svg,"2,930,450",24.1,Armenia,http://commons.wikimedia.org/wiki/Special:FilePath/Flag%20of%20Armenia.svg,http://commons.wikimedia.org/wiki/Special:FilePath/Armenia%20%28orthographic%20projection%29.svg,Q399
AO,http://www.wikidata.org/entity/Q916,Angola,Angola,"1,246,700",Flag of Angola.svg,195267,Africa,Portuguese,Angola (orthographic projection).svg,"36,749,906",84.8,Angola,http://commons.wikimedia.org/wiki/Special:FilePath/Flag%20of%20Angola.svg,http://commons.wikimedia.org/wiki/Special:FilePath/Angola%20%28orthographic%20projection%29.svg,Q916
AR,http://www.wikidata.org/entity/Q414,Argentina,Argentina,"2,780,400",Flag of Argentina.svg,286393,South America,Spanish,ARG orthographic.svg,"47,327,407",646.1,Argentina,http://commons.wikimedia.org/wiki/Special:FilePath/Flag%20of%20Argentina.svg,http://commons.wikimedia.org/wiki/Special:FilePath/ARG%20orthographic.svg,Q414
AT,http://www.wikidata.org/entity/Q40,Austria,Austria,"83,879",Flag of Austria.svg,16239,Europe,"German, Austrian Sign Language",EU-Austria.svg,"8,979,894",511.7,Austria,http://commons.wikimedia.org/wiki/Special:FilePath/Flag%20of%20Austria.svg,http://commons.wikimedia.org/wiki/Special:FilePath/EU-Austria.svg,Q40
AU,http://www.wikidata.org/entity/Q408,Australia,Australia,"7,692,024",Flag of Australia (converted).svg,80500,Oceania,"Auslan, Australian English",AUS orthographic.svg,"27,309,396",1728.1,Australia,http://commons.wikimedia.org/wiki/Special:FilePath/Flag%20of%20Australia%20%28converted%29.svg,http://commons.wikimedia.org/wiki/Special:FilePath/AUS%20orthographic.svg,Q408
AZ,http://www.wikidata.org/entity/Q227,Azerbaijan,Azerbaijan,"86,600",Flag of Azerbaijan.svg,364110,Asia,"Azerbaijani, Azerbaijani Sign Language",Azerbaijan orthographic projection.svg,"10,180,770",72.4,Azerbaijan,http://commons.wikimedia.org/wiki/Special:FilePath/Flag%20of%20Azerbaijan.svg,http://commons.wikimedia.org/wiki/Special:FilePath/Azerbaijan%20orthographic%20projection.svg,Q227
BA,http://www.wikidata.org/entity/Q225,Bosnia and Herzegovina,Bosnia_and_Herzegovina,"51,197",Flag of Bosnia and Herzegovina.svg,2528142,Europe,"Croatian, Serbian, Bosnian",Bosnia and Herzegovina (orthographic projection).svg,"3,816,459",27.5,Bosnia and Herzegovina,http://commons.wikimedia.org/wiki/Special:FilePath/Flag%20of%20Bosnia%20and%20Herzegovina.svg,http://commons.wikimedia.org/wiki/Special:FilePath/Bosnia%20and%20Herzegovina%20%28orthographic%20projection%29.svg,Q225
BB,http://www.wikidata.org/entity/Q244,Barbados,Barbados,439,Flag of Barbados.svg,547511,North America,"English, Bajan Creole",BRB orthographic.svg,"303,431",5.6,Barbados,http://commons.wikimedia.org/wiki/Special:FilePath/Flag%20of%20Barbados.svg,http://commons.wikimedia.org/wiki/Special:FilePath/BRB%20orthographic.svg,Q244
BD,http://www.wikidata.org/entity/Q902,Bangladesh,Bangladesh,"147,570",Flag of Bangladesh.svg,184640,Asia,Bangla,Bangladesh (orthographic projection).svg,"171,466,990",437.4,Bangladesh,http://commons.wikimedia.org/wiki/Special:FilePath/Flag%20of%20Bangladesh.svg,http://commons.wikimedia.org/wiki/Special:FilePath/Bangladesh%20%28orthographic%20projection%29.svg,Q902
BE,http://www.wikidata.org/entity/Q31,Belgium,Belgium,"30,688",Flag of Belgium.svg,52411,Europe,"French, German, Dutch",EU-Belgium.svg,"11,584,008",644.8,Belgium,http://commons.wikimedia.org/wiki/Special:FilePath/Flag%20of%20Belgium.svg,http://commons.wikimedia.org/wiki/Special:FilePath/EU-Belgium.svg,Q31
BF,http://www.wikidata.org/entity/Q965,Burkina Faso,Burkina_Faso,"274,200",Flag of Burkina Faso.svg,192783,Africa,"Dioula, Bissa, Mooré",BFA orthographic.svg,"23,025,776",20.3,Burkina Faso,http://commons.wikimedia.org/wiki/Special:FilePath/Flag%20of%20Burkina%20Faso.svg,http://commons.wikimedia.org/wiki/Special:FilePath/BFA%20orthographic.svg,Q965
BG,http://www.wikidata.org/entity/Q219,Bulgaria,Bulgaria,"110,994",Flag of Bulgaria.svg,186382,Europe,Bulgarian,Bulgaria (orthographic projection).svg,"6,437,360",102.4,Bulgaria,http://commons.wikimedia.org/wiki/Special:FilePath/Flag%20of%20Bulgaria.svg,http://commons.wikimedia.org/wiki/Special:FilePath/Bulgaria%20%28orthographic%20projection%29.svg,Q219
BH,http://www.wikidata.org/entity/Q398,Bahrain,Bahrain,786,Flag of Bahrain.svg,378734,Asia,Arabic,Map of Bahrain.svg,"1,569,666",44.4,Bahrain,http://commons.wikimedia.org/wiki/Special:FilePath/Flag%20of%20Bahrain.svg,http://commons.wikimedia.org/wiki/Special:FilePath/Map%20of%20Bahrain.svg,Q398
BI,http://www.wikidata.org/entity/Q967,Burundi,Burundi,"27,834",Flag of Burundi.svg,195269,Africa,"French, English, Kirundi",Burundi (orthographic projection).svg,"13,689,450",2.6,Burundi,http://commons.wikimedia.org/wiki/Special:FilePath/Flag%20of%20Burundi.svg,http://commons.wikimedia.org/wiki/Special:FilePath/Burundi%20%28orthographic%20projection%29.svg,Q967
BJ,http://www.wikidata.org/entity/Q962,Benin,Benin,"114,763",Flag of Benin.svg,192784,Africa,French,Benin (orthographic projection with inset).svg,"14,111,034",19.7,Benin,http://commons.wikimedia.org/wiki/Special:FilePath/Flag%20of%20Benin.svg,http://commons.wikimedia.org/wiki/Special:FilePath/Benin%20%28orthographic%20projection%20with%20inset%29.svg,Q962
BN,http://www.wikidata.org/entity/Q921,Brunei,Brunei,"5,765",Flag of Brunei.svg,2103120,Asia,"British English, Malay",Brunei on the globe (Southeast Asia centered).svg,"458,949",16.7,Brunei,http://commons.wikimedia.org/wiki/Special:FilePath/Flag%20of%20Brunei.svg,http://commons.wikimedia.org/wiki/Special:FilePath/Brunei%20on%20the%20globe%20%28Southeast%20Asia%20centered%29.svg,Q921
BO,http://www.wikidata.org/entity/Q750,Bolivia,Bolivia,"1,098,581",Flag of Bolivia.svg,252645,South America,"Spanish, Aymara, Quechua, Guarani",BOL orthographic.svg,"12,244,159",43.1,Bolivia,http://commons.wikimedia.org/wiki/Special:FilePath/Flag%20of%20Bolivia.svg,http://commons.wikimedia.org/wiki/Special:FilePath/BOL%20orthographic.svg,Q750
BR,http://www.wikidata.org/entity/Q155,Brazil,Brazil,"8,515,767",Flag of Brazil.svg,59470,South America,Portuguese,BRA orthographic.svg,"203,062,512",1920.1,Brazil,http://commons.wikimedia.org/wiki/Special:FilePath/Flag%20of%20Brazil.svg,http://commons.wikimedia.org/wiki/Special:FilePath/BRA%20orthographic.svg,Q155
BS,http://www.wikidata.org/entity/Q778,The Bahamas,The_Bahamas,"13,878",Flag of the Bahamas.svg,547469,North America,English,Bahamas in its region.svg,"399,440",14.3,The Bahamas,http://commons.wikimedia.org/wiki/Special:FilePath/Flag%20of%20the%20Bahamas.svg,http://commons.wikimedia.org/wiki/Special:FilePath/Bahamas%20in%20its%20region.svg,Q778
BT,http://www.wikidata.org/entity/Q917,Bhutan,Bhutan,"38,394",Flag of Bhutan.svg,184629,Asia,Dzongkha,Bhutan (orthographic projection).svg,"787,424",2.5,Bhutan,http://commons.wikimedia.org/wiki/Special:FilePath/Flag%20of%20Bhutan.svg,http://commons.wikimedia.org/wiki/Special:FilePath/Bhutan%20%28orthographic%20projection%29.svg,Q917
BW,http://www.wikidata.org/entity/Q963,Botswana,Botswana,"581,737",Flag of Botswana.svg,1889339,Africa,English,Botswana (orthographic projection).svg,"2,480,244",20.4,Botswana,http://commons.wikimedia.org/wiki/Special:FilePath/Flag%20of%20Botswana.svg,http://commons.wikimedia.org/wiki/Special:FilePath/Botswana%20%28orthographic%20projection%29.svg,Q963
BY,http://www.wikidata.org/entity/Q184,Belarus,Belarus,"207,595",Flag of Belarus.svg,59065,Europe,"Russian, Belarusian",Belarus on the globe (Europe centered).svg,"9,109,280",71.9,Belarus,http://commons.wikimedia.org/wiki/Special:FilePath/Flag%20of%20Belarus.svg,http://commons.wikimedia.org/wiki/Special:FilePath/Belarus%20on%20the%20globe%20%28Europe%20centered%29.svg,Q184
BZ,http://www.wikidata.org/entity/Q242,Belize,Belize,"22,966",Flag of Belize.svg,287827,North America,English,Belize in its region.svg,"411,106",3.1,Belize,http://commons.wikimedia.org/wiki/Special:FilePath/Flag%20of%20Belize.svg,http://commons.wikimedia.org/wiki/Special:FilePath/Belize%20in%20its%20region.svg,Q242
CA,http://www.wikidata.org/entity/Q16,Canada,Canada,"9,984,670",Flag of Canada (Pantone).svg,1428125,North America,"French, English",CAN orthographic.svg,"40,000,000",2206.8,Canada,http://commons.wikimedia.org/wiki/Special:FilePath/Flag%20of%20Canada%20%28Pantone%29.svg,http://commons.wikimedia.org/wiki/Special:FilePath/CAN%20orthographic.svg,Q16
CD,http://www.wikidata.org/entity/Q974,Democratic Republic of the Congo,Democratic_Republic_of_the_Congo,"2,344,858",Flag of the Democratic Republic of the Congo.svg,192795,Africa,French,COD orthographic.svg,"105,789,731",58.1,Democratic Republic of the Congo,http://commons.wikimedia.org/wiki/Special:FilePath/Flag%20of%20the%20Democratic%20Republic%20of%20the%20Congo.svg,http://commons.wikimedia.org/wiki/Special:FilePath/COD%20orthographic.svg,Q974
CF,http://www.wikidata.org/entity/Q929,Central African Republic,Central_African_Republic,"622,984",Flag of the Central African Republic.svg,192790,Africa,"French, Sango",CAF orthographic.svg,"5,152,421",2.4,Central African Republic,http://commons.wikimedia.org/wiki/Special:FilePath/Flag%20of%20the%20Central%20African%20Republic.svg,http://commons.wikimedia.org/wiki/Special:FilePath/CAF%20orthographic.svg,Q929
CG,http://www.wikidata.org/entity/Q971,Republic of the Congo,Republic_of_the_Congo,"342,000",Flag of the Republic of the Congo.svg,192794,Africa,French,LocationRepublicoftheCongo.svg,"6,142,180",14.6,Republic of the Congo,http://commons.wikimedia.org/wiki/Special:FilePath/Flag%20of%20the%20Republic%20of%20the%20Congo.svg,http://commons.wikimedia.org/wiki/Special:FilePath/LocationRepublicoftheCongo.svg,Q971
CH,http://www.wikidata.org/entity/Q39,Switzerland,Switzerland,"41,285",Flag of Switzerland.svg,51701,Europe,"French, German, Italian, Romansh",Switzerland on the globe (Europe centered).svg,"8,962,300",807.7,Switzerland,http://commons.wikimedia.org/wiki/Special:FilePath/Flag%20of%20Switzerland.svg,http://commons.wikimedia.org/wiki/Special:FilePath/Switzerland%20on%20the%20globe%20%28Europe%20centered%29.svg,Q39
CI,http://www.wikidata.org/entity/Q1008,Ivory Coast,Ivory_Coast,"322,463",Flag of Côte d'Ivoire.svg,192779,Africa,French,CIV orthographic.svg,"31,165,654",70.0,Ivory Coast,http://commons.wikimedia.org/wiki/Special:FilePath/Flag%20of%20C%C3%B4te%20d%27Ivoire.svg,http://commons.wikimedia.org/wiki/Special:FilePath/CIV%20orthographic.svg,Q1008
CL,http://www.wikidata.org/entity/Q298,Chile,Chile,"756,102",Flag of Chile.svg,167454,South America,Spanish,CHL orthographic (+all claims).svg,"19,458,000",301.0,Chile,http://commons.wikimedia.org/wiki/Special:FilePath/Flag%20of%20Chile.svg,http://commons.wikimedia.org/wiki/Special:FilePath/CHL%20orthographic%20%28%2Ball%20claims%29.svg,Q298
CM,http://www.wikidata.org/entity/Q1009,Cameroon,Cameroon,"475,442",Flag of Cameroon.svg,192830,Africa,"French, English",CMR orthographic.svg,"28,372,687",44.3,Cameroon,http://commons.wikimedia.org/wiki/Special:FilePath/Flag%20of%20Cameroon.svg,http://commons.wikimedia.org/wiki/Special:FilePath/CMR%20orthographic.svg,Q1009
CN,http://www.wikidata.org/entity/Q148,People's Republic of China,China,"9,596,961",Flag of the People's Republic of China.svg,270056,Asia,Putonghua,CHN orthographic.svg,"1,442,965,000",17963.2,People's Republic of China,http://commons.wikimedia.org/wiki/Special:FilePath/Flag%20of%20the%20People%27s%20Republic%20of%20China.svg,http://commons.wikimedia.org/wiki/Special:FilePath/CHN%20orthographic.svg,Q148
CO,http://www.wikidata.org/entity/Q739,Colombia,Colombia,"1,141,748",Flag of Colombia.svg,120027,South America,Spanish,COL orthographic (San Andrés and Providencia special).svg,"52,321,152",343.9,Colombia,http://commons.wikimedia.org/wiki/Special:FilePath/Flag%20of%20Colombia.svg,http://commons.wikimedia.org/wiki/Special:FilePath/COL%20orthographic%20%28San%20Andr%C3%A9s%20and%20Providencia%20special%29.svg,Q739
CR,http://www.wikidata.org/entity/Q800,Costa Rica,Costa_Rica,"51,180",Flag of Costa Rica.svg,287667,North America,Spanish,Costa Rica (orthographic projection).svg,"5,044,197",68.4,Costa Rica,http://commons.wikimedia.org/wiki/Special:FilePath/Flag%20of%20Costa%20Rica.svg,http://commons.wikimedia.org/wiki/Special:FilePath/Costa%20Rica%20%28orthographic%20projection%29.svg,Q800
CU,http://www.wikidata.org/entity/Q241,Cuba,Cuba,"109,884",Flag of Cuba.svg,307833,North America,Spanish,Cuba (orthographic projection).svg,"10,985,974",,Cuba,http://commons.wikimedia.org/wiki/Special:FilePath/Flag%20of%20Cuba.svg,http://commons.wikimedia.org/wiki/Special:FilePath/Cuba%20%28orthographic%20projection%29.svg,Q241
CV,http://www.wikidata.org/entity/Q1011,Cape Verde,Cape_Verde,"4,033",Flag of Cape Verde.svg,535774,Africa,"Portuguese, Cape Verdean Creole",CPV orthographic NaturalEarth.svg,"555,988",2.3,Cape Verde,http://commons.wikimedia.org/wiki/Special:FilePath/Flag%20of%20Cape%20Verde.svg,http://commons.wikimedia.org/wiki/Special:FilePath/CPV%20orthographic%20NaturalEarth.svg,Q1011
CY,http://www.wikidata.org/entity/Q229,Cyprus,Cyprus,"9,242",Flag of Cyprus.svg,3263726,Europe,"Turkish, Greek, Modern Greek",EU-Cyprus highlighted.svg,"1,344,976",28.4,Cyprus,http://commons.wikimedia.org/wiki/Special:FilePath/Flag%20of%20Cyprus.svg,http://commons.wikimedia.org/wiki/Special:FilePath/EU-Cyprus%20highlighted.svg,Q229
CZ,http://www.wikidata.org/entity/Q213,Czech Republic,Czech_Republic,"78,866",Flag of the Czech Republic.svg,51684,Europe,Czech,EU-Czech Republic.svg,"10,909,500",250.7,Czech Republic,http://commons.wikimedia.org/wiki/Special:FilePath/Flag%20of%20the%20Czech%20Republic.svg,http://commons.wikimedia.org/wiki/Special:FilePath/EU-Czech%20Republic.svg,Q213
DE,http://www.wikidata.org/entity/Q183,Germany,Germany,"357,588",Flag of Germany.svg,51477,Europe,German,Germany (orthographic projection).svg,"84,358,845",4121.2,Germany,http://commons.wikimedia.org/wiki/Special:FilePath/Flag%20of%20Germany.svg,http://commons.wikimedia.org/wiki/Special:FilePath/Germany%20%28orthographic%20projection%29.svg,Q183
DJ,http://www.wikidata.org/entity/Q977,Djibouti,Djibouti,"23,200",Flag of Djibouti.svg,192801,Africa,"French, Arabic",Djibouti (orthographic projection).svg,"1,152,944",3.5,Djibouti,http://commons.wikimedia.org/wiki/Special:FilePath/Flag%20of%20Djibouti.svg,http://commons.wikimedia.org/wiki/Special:FilePath/Djibouti%20%28orthographic%20projection%29.svg,Q977
DK,http://www.wikidata.org/entity/Q756617,Kingdom of Denmark,Danish_Realm,"2,220,930",Flag of Denmark.svg,9112011,Europe,"Danish, Faroese, Greenlandic",Kingdom of Denmark (orthographic projection).svg,"5,930,987",,Kingdom of Denmark,http://commons.wikimedia.org/wiki/Special:FilePath/Flag%20of%20Denmark.svg,http://commons.wikimedia.org/wiki/Special:FilePath/Kingdom%20of%20Denmark%20%28orthographic%20projection%29.svg,Q756617
DM,http://www.wikidata.org/entity/Q784,Dominica,Dominica,751,Flag of Dominica.svg,307823,North America,English,LocationDominica.svg,"74,656",0.6,Dominica,http://commons.wikimedia.org/wiki/Special:FilePath/Flag%20of%20Dominica.svg,http://commons.wikimedia.org/wiki/Special:FilePath/LocationDominica.svg,Q784
DO,http://www.wikidata.org/entity/Q786,Dominican Republic,Dominican_Republic,"48,671",Flag of the Dominican Republic.svg,307828,North America,Spanish,LocationDominicanRepublic.svg,"10,760,028",113.6,Dominican Republic,http://commons.wikimedia.org/wiki/Special:FilePath/Flag%20of%20the%20Dominican%20Republic.svg,http://commons.wikimedia.org/wiki/Special:FilePath/LocationDominicanRepublic.svg,Q786
DZ,http://www.wikidata.org/entity/Q262,Algeria,Algeria,"2,381,741",Flag of Algeria.svg,192756,Africa,"Arabic, Standard Algerian Berber",Algeria (centered orthographic projection).svg,"46,164,219",191.9,Algeria,http://commons.wikimedia.org/wiki/Special:FilePath/Flag%20of%20Algeria.svg,http://commons.wikimedia.org/wiki/Special:FilePath/Algeria%20%28centered%20orthographic%20projection%29.svg,Q262
EC,http://www.wikidata.org/entity/Q736,Ecuador,Ecuador,"257,204",Flag of Ecuador.svg,108089,South America,"Spanish, Shuar, Northern Quichua",ECU orthographic.svg,"16,938,986",115.0,Ecuador,http://commons.wikimedia.org/wiki/Special:FilePath/Flag%20of%20Ecuador.svg,http://commons.wikimedia.org/wiki/Special:FilePath/ECU%20orthographic.svg,Q736
EE,http://www.wikidata.org/entity/Q191,Estonia,Estonia,"45,335",Flag of Estonia.svg,79510,Europe,Estonian,EU-Estonia.svg,"1,369,995",38.1,Estonia,http://commons.wikimedia.org/wiki/Special:FilePath/Flag%20of%20Estonia.svg,http://commons.wikimedia.org/wiki/Special:FilePath/EU-Estonia.svg,Q191
EG,http://www.wikidata.org/entity/Q79,Egypt,Egypt,"1,010,408",Flag of Egypt.svg,1473947,Africa,Arabic,EGY orthographic.svg,"107,476,864",476.7,Egypt,http://commons.wikimedia.org/wiki/Special:FilePath/Flag%20of%20Egypt.svg,http://commons.wikimedia.org/wiki/Special:FilePath/EGY%20orthographic.svg,Q79
ER,http://www.wikidata.org/entity/Q986,Eritrea,Eritrea,"117,600",Flag of Eritrea.svg,296961,Africa,"English, Arabic, Tigrinya",Eritrea (Africa orthographic projection).svg,"3,497,000",,Eritrea,http://commons.wikimedia.org/wiki/Special:FilePath/Flag%20of%20Eritrea.svg,http://commons.wikimedia.org/wiki/Special:FilePath/Eritrea%20%28Africa%20orthographic%20projection%29.svg,Q986
ES,http://www.wikidata.org/entity/Q29,Spain,Spain,"505,990",Flag of Spain.svg,1311341,Europe,Spanish,Spain on the globe (Europe centered).svg,"48,592,909",1397.5,Spain,http://commons.wikimedia.org/wiki/Special:FilePath/Flag%20of%20Spain.svg,http://commons.wikimedia.org/wiki/Special:FilePath/Spain%20on%20the%20globe%20%28Europe%20centered%29.svg,Q29
ET,http://www.wikidata.org/entity/Q115,Ethiopia,Ethiopia,"1,104,300",Flag of Ethiopia.svg,192800,Africa,Amharic,Ethiopia (Africa orthographic projection).svg,"128,691,692",126.8,Ethiopia,http://commons.wikimedia.org/wiki/Special:FilePath/Flag%20of%20Ethiopia.svg,http://commons.wikimedia.org/wiki/Special:FilePath/Ethiopia%20%28Africa%20orthographic%20projection%29.svg,Q115
FI,http://www.wikidata.org/entity/Q33,Finland,Finland,"338,478",Flag of Finland.svg,54224,Europe,"Finnish, Swedish",Finland on the globe (Europe centered).svg,"5,608,218",280.8,Finland,http://commons.wikimedia.org/wiki/Special:FilePath/Flag%20of%20Finland.svg,http://commons.wikimedia.org/wiki/Special:FilePath/Finland%20on%20the%20globe%20%28Europe%20centered%29.svg,Q33
FJ,http://www.wikidata.org/entity/Q712,Fiji,Fiji,"18,274",Flag of Fiji.svg,571747,Oceania,"English, Fijian, Fiji Hindi",Fiji (orthographic projection).svg,"926,276",4.9,Fiji,http://commons.wikimedia.org/wiki/Special:FilePath/Flag%20of%20Fiji.svg,http://commons.wikimedia.org/wiki/Special:FilePath/Fiji%20%28orthographic%20projection%29.svg,Q712
FM,http://www.wikidata.org/entity/Q702,Federated States of Micronesia,Federated_States_of_Micronesia,702,Flag of the Federated States of Micronesia.svg,571802,Oceania,English,Micronesia on the globe (small islands magnified) (Polynesia centered).svg,"105,544",0.4,Federated States of Micronesia,http://commons.wikimedia.org/wiki/Special:FilePath/Flag%20of%20the%20Federated%20States%20of%20Micronesia.svg,http://commons.wikimedia.org/wiki/Special:FilePath/Micronesia%20on%20the%20globe%20%28small%20islands%20magnified%29%20%28Polynesia%20centered%29.svg,Q702
FR,http://www.wikidata.org/entity/Q142,France,France,"643,801",Flag of France.svg,2202162,Europe,French,EU-France (orthographic projection).svg,"68,605,616",2782.9,France,http://commons.wikimedia.org/wiki/Special:FilePath/Flag%20of%20France.svg,http://commons.wikimedia.org/wiki/Special:FilePath/EU-France%20%28orthographic%20projection%29.svg,Q142
GA,http://www.wikidata.org/entity/Q1000,Gabon,Gabon,"267,667",Flag of Gabon.svg,192793,Africa,French,Gabon (orthographic projection).svg,"2,300,000",4.8,Gabon,http://commons.wikimedia.org/wiki/Special:FilePath/Flag%20of%20Gabon.svg,http://commons.wikimedia.org/wiki/Special:FilePath/Gabon%20%28orthographic%20projection%29.svg,Q1000
GB,http://www.wikidata.org/entity/Q145,United Kingdom,United_Kingdom,"242,495",Flag of the United Kingdom (3-5).svg,62149,Europe,English,Europe-UK.svg,"67,326,569",3070.7,United Kingdom,http://commons.wikimedia.org/wiki/Special:FilePath/Flag%20of%20the%20United%20Kingdom%20%283-5%29.svg,http://commons.wikimedia.org/wiki/Special:FilePath/Europe-UK.svg,Q145
GD,http://www.wikidata.org/entity/Q769,Grenada,Grenada,348,Flag of Grenada.svg,550727,North America,"English, Grenadian Creole English",Grenada in its region.svg,"114,299",1.3,Grenada,http://commons.wikimedia.org/wiki/Special:FilePath/Flag%20of%20Grenada.svg,http://commons.wikimedia.org/wiki/Special:FilePath/Grenada%20in%20its%20region.svg,Q769
GE,http://www.wikidata.org/entity/Q230,Georgia,Georgia_(country),"69,700",Flag of Georgia.svg,28699,Europe,"Abkhaz, Georgian",Georgia (orthographic projection with inset).svg,"3,694,600",24.6,Georgia,http://commons.wikimedia.org/wiki/Special:FilePath/Flag%20of%20Georgia.svg,http://commons.wikimedia.org/wiki/Special:FilePath/Georgia%20%28orthographic%20projection%20with%20inset%29.svg,Q230
GH,http://www.wikidata.org/entity/Q117,Ghana,Ghana,"238,535",Flag of Ghana.svg,192781,Africa,English,Ghana (orthographic projection).svg,"32,833,031",72.8,Ghana,http://commons.wikimedia.org/wiki/Special:FilePath/Flag%20of%20Ghana.svg,http://commons.wikimedia.org/wiki/Special:FilePath/Ghana%20%28orthographic%20projection%29.svg,Q117
GM,http://www.wikidata.org/entity/Q1005,The Gambia,The_Gambia,"11,300",Flag of The Gambia.svg,192774,Africa,English,Gambia (orthographic projection with inset).svg,"2,639,916",2.4,The Gambia,http://commons.wikimedia.org/wiki/Special:FilePath/Flag%20of%20The%20Gambia.svg,http://commons.wikimedia.org/wiki/Special:FilePath/Gambia%20%28orthographic%20projection%20with%20inset%29.svg,Q1005
GN,http://www.wikidata.org/entity/Q1006,Guinea,Guinea,"245,857",Flag of Guinea.svg,192778,Africa,French,Guinea (orthographic projection).svg,"12,717,176",21.2,Guinea,http://commons.wikimedia.org/wiki/Special:FilePath/Flag%20of%20Guinea.svg,http://commons.wikimedia.org/wiki/Special:FilePath/Guinea%20%28orthographic%20projection%29.svg,Q1006
GQ,http://www.wikidata.org/entity/Q983,Equatorial Guinea,Equatorial_Guinea,"28,051",Flag of Equatorial Guinea.svg,192791,Africa,"French, Spanish, Portuguese",LocationEquatorialGuinea.svg,"1,847,549",11.8,Equatorial Guinea,http://commons.wikimedia.org/wiki/Special:FilePath/Flag%20of%20Equatorial%20Guinea.svg,http://commons.wikimedia.org/wiki/Special:FilePath/LocationEquatorialGuinea.svg,Q983
GR,http://www.wikidata.org/entity/Q41,Greece,Greece,"131,957",Flag of Greece.svg,192307,Europe,"Greek, Demotic Greek, Modern Greek",Greece on the globe (Europe centered).svg,"10,566,531",219.1,Greece,http://commons.wikimedia.org/wiki/Special:FilePath/Flag%20of%20Greece.svg,http://commons.wikimedia.org/wiki/Special:FilePath/Greece%20on%20the%20globe%20%28Europe%20centered%29.svg,Q41
GT,http://www.wikidata.org/entity/Q774,Guatemala,Guatemala,"108,889",Flag of Guatemala.svg,1521463,North America,Spanish,Guatemala on the globe (Americas centered).svg,"17,263,239",95.0,Guatemala,http://commons.wikimedia.org/wiki/Special:FilePath/Flag%20of%20Guatemala.svg,http://commons.wikimedia.org/wiki/Special:FilePath/Guatemala%20on%20the%20globe%20%28Americas%20centered%29.svg,Q774
GW,http://www.wikidata.org/entity/Q1007,Guinea-Bissau,Guinea-Bissau,"36,125",Flag of Guinea-Bissau.svg,192776,Africa,Portuguese,Guinea-Bissau on the globe (Africa centered).svg,"1,861,283",1.6,Guinea-Bissau,http://commons.wikimedia.org/wiki/Special:FilePath/Flag%20of%20Guinea-Bissau.svg,http://commons.wikimedia.org/wiki/Special:FilePath/Guinea-Bissau%20on%20the%20globe%20%28Africa%20centered%29.svg,Q1007
GY,http://www.wikidata.org/entity/Q734,Guyana,Guyana,"214,970",Flag of Guyana.svg,287083,South America,English,GUY orthographic.svg,"777,859",15.4,Guyana,http://commons.wikimedia.org/wiki/Special:FilePath/Flag%20of%20Guyana.svg,http://commons.wikimedia.org/wiki/Special:FilePath/GUY%20orthographic.svg,Q734
HN,http://www.wikidata.org/entity/Q783,Honduras,Honduras,"112,492",Flag of Honduras (2022-).svg,287670,North America,Spanish,Honduras (orthographic projection).svg,"10,062,994",31.7,Honduras,http://commons.wikimedia.org/wiki/Special:FilePath/Flag%20of%20Honduras%20%282022-%29.svg,http://commons.wikimedia.org/wiki/Special:FilePath/Honduras%20%28orthographic%20projection%29.svg,Q783
HR,http://www.wikidata.org/entity/Q224,Croatia,Croatia,"56,594",Flag of Croatia.svg,214885,Europe,Croatian,EU-Croatia (orthographic projection).png,"3,871,833",71.0,Croatia,http://commons.wikimedia.org/wiki/Special:FilePath/Flag%20of%20Croatia.svg,http://commons.wikimedia.org/wiki/Special:FilePath/EU-Croatia%20%28orthographic%20projection%29.png,Q224
HT,http://www.wikidata.org/entity/Q790,Haiti,Haiti,"27,750",Flag of Haiti.svg,307829,North America,"French, Haitian Creole",Haiti (orthographic projection).svg,"10,981,229",20.3,Haiti,http://commons.wikimedia.org/wiki/Special:FilePath/Flag%20of%20Haiti.svg,http://commons.wikimedia.org/wiki/Special:FilePath/Haiti%20%28orthographic%20projection%29.svg,Q790
HU,http://www.wikidata.org/entity/Q28,Hungary,Hungary,"93,011",Flag of Hungary.svg,21335,Europe,Hungarian,Hungary on the globe (Europe centered).svg,"9,599,744",181.8,Hungary,http://commons.wikimedia.org/wiki/Special:FilePath/Flag%20of%20Hungary.svg,http://commons.wikimedia.org/wiki/Special:FilePath/Hungary%20on%20the%20globe%20%28Europe%20centered%29.svg,Q28
ID,http://www.wikidata.org/entity/Q252,Indonesia,Indonesia,"1,904,570",Flag of Indonesia.svg,304751,Asia,Indonesian,Indonesia (orthographic projection).svg,"275,439,000",1319.1,Indonesia,http://commons.wikimedia.org/wiki/Special:FilePath/Flag%20of%20Indonesia.svg,http://commons.wikimedia.org/wiki/Special:FilePath/Indonesia%20%28orthographic%20projection%29.svg,Q252
IE,http://www.wikidata.org/entity/Q27,Ireland,Republic_of_Ireland,"69,797",Flag of Ireland.svg,62273,Europe,"English, Irish",EU-Ireland (orthographic projection).svg,"5,149,139",529.2,Ireland,http://commons.wikimedia.org/wiki/Special:FilePath/Flag%20of%20Ireland.svg,http://commons.wikimedia.org/wiki/Special:FilePath/EU-Ireland%20%28orthographic%20projection%29.svg,Q27
IL,http://www.wikidata.org/entity/Q801,Israel,Israel,"20,770",Flag of Israel.svg,1473946,Asia,Hebrew,Israel (orthographic projection) with disputed territories.svg,"9,840,000",520.7,Israel,http://commons.wikimedia.org/wiki/Special:FilePath/Flag%20of%20Israel.svg,http://commons.wikimedia.org/wiki/Special:FilePath/Israel%20%28orthographic%20projection%29%20with%20disputed%20territories.svg,Q801
IN,http://www.wikidata.org/entity/Q668,India,India,"3,287,263",Flag of India.svg,304716,Asia,"Hindi, English",India (orthographic projection).svg,"1,326,093,247",3385.1,India,http://commons.wikimedia.org/wiki/Special:FilePath/Flag%20of%20India.svg,http://commons.wikimedia.org/wiki/Special:FilePath/India%20%28orthographic%20projection%29.svg,Q668
IQ,http://www.wikidata.org/entity/Q796,Iraq,Iraq,"437,072",Flag of Iraq.svg,304934,Asia,"Arabic, Kurdish",Iraq (orthographic-projection).svg,"38,274,618",264.2,Iraq,http://commons.wikimedia.org/wiki/Special:FilePath/Flag%20of%20Iraq.svg,http://commons.wikimedia.org/wiki/Special:FilePath/Iraq%20%28orthographic-projection%29.svg,Q796
IR,http://www.wikidata.org/entity/Q794,Iran,Iran,"1,648,195",Flag of Iran.svg,304938,Asia,Persian,Iran (orthographic projection).svg,"86,758,304",388.5,Iran,http://commons.wikimedia.org/wiki/Special:FilePath/Flag%20of%20Iran.svg,http://commons.wikimedia.org/wiki/Special:FilePath/Iran%20%28orthographic%20projection%29.svg,Q794
IS,http://www.wikidata.org/entity/Q189,Iceland,Iceland,"103,004",Flag of Iceland.svg,299133,Europe,Icelandic,Iceland (orthographic projection).svg,"376,248",27.8,Iceland,http://commons.wikimedia.org/wiki/Special:FilePath/Flag%20of%20Iceland.svg,http://commons.wikimedia.org/wiki/Special:FilePath/Iceland%20%28orthographic%20projection%29.svg,Q189
IT,http://www.wikidata.org/entity/Q38,Italy,Italy,"302,068",Flag of Italy.svg,365331,Europe,Italian,Italy on the globe (Europe centered).svg,"58,850,717",2010.4,Italy,http://commons.wikimedia.org/wiki/Special:FilePath/Flag%20of%20Italy.svg,http://commons.wikimedia.org/wiki/Special:FilePath/Italy%20on%20the%20globe%20%28Europe%20centered%29.svg,Q38
JM,http://www.wikidata.org/entity/Q766,Jamaica,Jamaica,"10,992",Flag of Jamaica.svg,555017,North America,"English, Jamaican Patois",Jamaica (orthographic projection).svg,"2,734,093",17.1,Jamaica,http://commons.wikimedia.org/wiki/Special:FilePath/Flag%20of%20Jamaica.svg,http://commons.wikimedia.org/wiki/Special:FilePath/Jamaica%20%28orthographic%20projection%29.svg,Q766
JO,http://www.wikidata.org/entity/Q810,Jordan,Jordan,"89,341",Flag of Jordan.svg,184818,Asia,Arabic,Jordan on the globe (Afro-Eurasia centered).svg,"10,428,241",47.5,Jordan,http://commons.wikimedia.org/wiki/Special:FilePath/Flag%20of%20Jordan.svg,http://commons.wikimedia.org/wiki/Special:FilePath/Jordan%20on%20the%20globe%20%28Afro-Eurasia%20centered%29.svg,Q810
JP,http://www.wikidata.org/entity/Q17,Japan,Japan,"377,972",Flag of Japan.svg,382313,Asia,Japanese,Japan on the globe (de-facto) (Japan centered).svg,"123,802,000",4231.1,Japan,http://commons.wikimedia.org/wiki/Special:FilePath/Flag%20of%20Japan.svg,http://commons.wikimedia.org/wiki/Special:FilePath/Japan%20on%20the%20globe%20%28de-facto%29%20%28Japan%20centered%29.svg,Q17
KE,http://www.wikidata.org/entity/Q114,Kenya,Kenya,"581,309",Flag of Kenya.svg,192798,Africa,"English, Swahili",Kenya (orthographic projection).svg,"47,564,296",113.4,Kenya,http://commons.wikimedia.org/wiki/Special:FilePath/Flag%20of%20Kenya.svg,http://commons.wikimedia.org/wiki/Special:FilePath/Kenya%20%28orthographic%20projection%29.svg,Q114
KG,http://www.wikidata.org/entity/Q813,Kyrgyzstan,Kyrgyzstan,"199,951",Flag of Kyrgyzstan.svg,178009,Asia,Kyrgyz,Kyrgyzstan on the globe (Eurasia centered).svg,"6,694,200",10.9,Kyrgyzstan,http://commons.wikimedia.org/wiki/Special:FilePath/Flag%20of%20Kyrgyzstan.svg,http://commons.wikimedia.org/wiki/Special:FilePath/Kyrgyzstan%20on%20the%20globe%20%28Eurasia%20centered%29.svg,Q813
KH,http://www.wikidata.org/entity/Q424,Cambodia,Cambodia,"181,035",Flag of Cambodia.svg,49898,Asia,Khmer,Cambodia on the globe (Asia centered).svg,"17,423,880",30.0,Cambodia,http://commons.wikimedia.org/wiki/Special:FilePath/Flag%20of%20Cambodia.svg,http://commons.wikimedia.org/wiki/Special:FilePath/Cambodia%20on%20the%20globe%20%28Asia%20centered%29.svg,Q424
KI,http://www.wikidata.org/entity/Q710,Kiribati,Kiribati,811,Flag of Kiribati.svg,571178,Oceania,"English, Gilbertese",Kiribati on the globe (Polynesia centered).svg,"119,438",0.2,Kiribati,http://commons.wikimedia.org/wiki/Special:FilePath/Flag%20of%20Kiribati.svg,http://commons.wikimedia.org/wiki/Special:FilePath/Kiribati%20on%20the%20globe%20%28Polynesia%20centered%29.svg,Q710
KM,http://www.wikidata.org/entity/Q970,Comoros,Comoros,"2,034",Flag of the Comoros.svg,535790,Africa,"French, Arabic, Comorian",Comoros (orthographic projection).svg,"902,348",1.2,Comoros,http://commons.wikimedia.org/wiki/Special:FilePath/Flag%20of%20the%20Comoros.svg,http://commons.wikimedia.org/wiki/Special:FilePath/Comoros%20%28orthographic%20projection%29.svg,Q970
KN,http://www.wikidata.org/entity/Q763,Saint Kitts and Nevis,Saint_Kitts_and_Nevis,269,Flag of Saint Kitts and Nevis.svg,536899,North America,English,KNA orthographic.svg,"55,345",1.0,Saint Kitts and Nevis,http://commons.wikimedia.org/wiki/Special:FilePath/Flag%20of%20Saint%20Kitts%20and%20Nevis.svg,http://commons.wikimedia.org/wiki/Special:FilePath/KNA%20orthographic.svg,Q763
KP,http://www.wikidata.org/entity/Q423,North Korea,North_Korea,"120,540",Flag of North Korea.svg,192734,Asia,"Korean, North Korean standard language",LocationNorthKorea.svg,"26,418,204",,North Korea,http://commons.wikimedia.org/wiki/Special:FilePath/Flag%20of%20North%20Korea.svg,http://commons.wikimedia.org/wiki/Special:FilePath/LocationNorthKorea.svg,Q423
KR,http://www.wikidata.org/entity/Q884,South Korea,South_Korea,"100,295",Flag of South Korea.svg,307756,Asia,"Korean, Korean Sign Language",South Korea (orthographic projection).svg,"51,628,117",1665.2,South Korea,http://commons.wikimedia.org/wiki/Special:FilePath/Flag%20of%20South%20Korea.svg,http://commons.wikimedia.org/wiki/Special:FilePath/South%20Korea%20%28orthographic%20projection%29.svg,Q884
KW,http://www.wikidata.org/entity/Q817,Kuwait,Kuwait,"17,818",Flag of Kuwait.svg,305099,Asia,Arabic,KWT orthographic.svg,"4,464,000",184.6,Kuwait,http://commons.wikimedia.org/wiki/Special:FilePath/Flag%20of%20Kuwait.svg,http://commons.wikimedia.org/wiki/Special:FilePath/KWT%20orthographic.svg,Q817
KZ,http://www.wikidata.org/entity/Q232,Kazakhstan,Kazakhstan,"2,724,900",Flag of Kazakhstan.svg,214665,Asia,"Russian, Kazakh",Kazakhstan (orthographic projection).svg,"20,139,914",220.6,Kazakhstan,http://commons.wikimedia.org/wiki/Special:FilePath/Flag%20of%20Kazakhstan.svg,http://commons.wikimedia.org/wiki/Special:FilePath/Kazakhstan%20%28orthographic%20projection%29.svg,Q232
LA,http://www.wikidata.org/entity/Q819,Laos,Laos,"236,800",Flag of Laos.svg,49903,Asia,Lao,Laos on the globe (Asia centered).svg,"6,858,160",15.7,Laos,http://commons.wikimedia.org/wiki/Special:FilePath/Flag%20of%20Laos.svg,http://commons.wikimedia.org/wiki/Special:FilePath/Laos%20on%20the%20globe%20%28Asia%20centered%29.svg,Q819
LB,http://www.wikidata.org/entity/Q822,Lebanon,Lebanon,"10,452",Flag of Lebanon.svg,184843,Asia,Arabic,Lebanon (orthographic projection).svg,"5,261,372",23.1,Lebanon,http://commons.wikimedia.org/wiki/Special:FilePath/Flag%20of%20Lebanon.svg,http://commons.wikimedia.org/wiki/Special:FilePath/Lebanon%20%28orthographic%20projection%29.svg,Q822
LC,http://www.wikidata.org/entity/Q760,Saint Lucia,Saint_Lucia,617,Flag of Saint Lucia.svg,550728,North America,English,Saint Lucia on the globe (Americas centered).svg,"167,591",2.1,Saint Lucia,http://commons.wikimedia.org/wiki/Special:FilePath/Flag%20of%20Saint%20Lucia.svg,http://commons.wikimedia.org/wiki/Special:FilePath/Saint%20Lucia%20on%20the%20globe%20%28Americas%20centered%29.svg,Q760
LI,http://www.wikidata.org/entity/Q347,Liechtenstein,Liechtenstein,160,Flag of Liechtenstein.svg,1155955,Europe,German,Liechtenstein on the globe (Europe centered).svg,"38,020",7.2,Liechtenstein,http://commons.wikimedia.org/wiki/Special:FilePath/Flag%20of%20Liechtenstein.svg,http://commons.wikimedia.org/wiki/Special:FilePath/Liechtenstein%20on%20the%20globe%20%28Europe%20centered%29.svg,Q347
LK,http://www.wikidata.org/entity/Q854,Sri Lanka,Sri_Lanka,"65,610",Flag of Sri Lanka.svg,536807,Asia,"Tamil, Sinhala",Sri Lanka (orthographic projection).svg,"22,037,000",74.4,Sri Lanka,http://commons.wikimedia.org/wiki/Special:FilePath/Flag%20of%20Sri%20Lanka.svg,http://commons.wikimedia.org/wiki/Special:FilePath/Sri%20Lanka%20%28orthographic%20projection%29.svg,Q854
LR,http://www.wikidata.org/entity/Q1014,Liberia,Liberia,"111,369",Flag of Liberia.svg,192780,Africa,English,Liberia (orthographic projection).svg,"5,214,030",4.0,Liberia,http://commons.wikimedia.org/wiki/Special:FilePath/Flag%20of%20Liberia.svg,http://commons.wikimedia.org/wiki/Special:FilePath/Liberia%20%28orthographic%20projection%29.svg,Q1014
LS,http://www.wikidata.org/entity/Q1013,Lesotho,Lesotho,"30,355",Flag of Lesotho.svg,2093234,Africa,"English, Sesotho",Lesotho (orthographic projection with inset).svg,"2,233,339",2.6,Lesotho,http://commons.wikimedia.org/wiki/Special:FilePath/Flag%20of%20Lesotho.svg,http://commons.wikimedia.org/wiki/Special:FilePath/Lesotho%20%28orthographic%20projection%20with%20inset%29.svg,Q1013
LT,http://www.wikidata.org/entity/Q37,Lithuania,Lithuania,"65,300",Flag of Lithuania.svg,72596,Europe,Lithuanian,Lithuania on the globe (Europe centered).svg,"2,860,002",70.3,Lithuania,http://commons.wikimedia.org/wiki/Special:FilePath/Flag%20of%20Lithuania.svg,http://commons.wikimedia.org/wiki/Special:FilePath/Lithuania%20on%20the%20globe%20%28Europe%20centered%29.svg,Q37
LU,http://www.wikidata.org/entity/Q32,Luxembourg,Luxembourg,"2,586",Flag of Luxembourg.svg,2171347,Europe,"French, German, Luxembourgish",EU-Luxembourg.svg,"681,987",82.3,Luxembourg,http://commons.wikimedia.org/wiki/Special:FilePath/Flag%20of%20Luxembourg.svg,http://commons.wikimedia.org/wiki/Special:FilePath/EU-Luxembourg.svg,Q32
LV,http://www.wikidata.org/entity/Q211,Latvia,Latvia,"62,227",Flag of Latvia.svg,72594,Europe,Latvian,Latvia on the globe (Europe centered).svg,"1,871,882",41.2,Latvia,http://commons.wikimedia.org/wiki/Special:FilePath/Flag%20of%20Latvia.svg,http://commons.wikimedia.org/wiki/Special:FilePath/Latvia%20on%20the%20globe%20%28Europe%20centered%29.svg,Q211
LY,http://www.wikidata.org/entity/Q1016,Libya,Libya,"1,759,541",Flag of Libya.svg,192758,Africa,Arabic,Libya (orthographic projection).svg,"6,678,567",45.8,Libya,http://commons.wikimedia.org/wiki/Special:FilePath/Flag%20of%20Libya.svg,http://commons.wikimedia.org/wiki/Special:FilePath/Libya%20%28orthographic%20projection%29.svg,Q1016
MA,http://www.wikidata.org/entity/Q1028,Morocco,Morocco,"446,550",Flag of Morocco.svg,3630439,Africa,"Arabic, Standard Moroccan Amazigh",Morocco WS-excluded (orthographic projection).svg,"36,828,330",134.2,Morocco,http://commons.wikimedia.org/wiki/Special:FilePath/Flag%20of%20Morocco.svg,http://commons.wikimedia.org/wiki/Special:FilePath/Morocco%20WS-excluded%20%28orthographic%20projection%29.svg,Q1028
MC,http://www.wikidata.org/entity/Q235,Monaco,Monaco,2.08,Flag of Monaco.svg,36990,Europe,French,Monaco on the globe (Europe centered).svg,"38,423",8.6,Monaco,http://commons.wikimedia.org/wiki/Special:FilePath/Flag%20of%20Monaco.svg,http://commons.wikimedia.org/wiki/Special:FilePath/Monaco%20on%20the%20globe%20%28Europe%20centered%29.svg,Q235
MD,http://www.wikidata.org/entity/Q217,Moldova,Moldova,"33,844",Flag of Moldova.svg,58974,Europe,Romanian,Location Moldova Europe.png,"3,599,528",14.4,Moldova,http://commons.wikimedia.org/wiki/Special:FilePath/Flag%20of%20Moldova.svg,http://commons.wikimedia.org/wiki/Special:FilePath/Location%20Moldova%20Europe.png,Q217
ME,http://www.wikidata.org/entity/Q236,Montenegro,Montenegro,"13,883",Flag of Montenegro.svg,53296,Europe,Montenegrin,LocationMontenegro.svg,"617,213",6.1,Montenegro,http://commons.wikimedia.org/wiki/Special:FilePath/Flag%20of%20Montenegro.svg,http://commons.wikimedia.org/wiki/Special:FilePath/LocationMontenegro.svg,Q236
MG,http://www.wikidata.org/entity/Q1019,Madagascar,Madagascar,"587,295",Flag of Madagascar.svg,447325,Africa,"French, Malagasy",MDG orthographic.svg,"25,570,895",15.0,Madagascar,http://commons.wikimedia.org/wiki/Special:FilePath/Flag%20of%20Madagascar.svg,http://commons.wikimedia.org/wiki/Special:FilePath/MDG%20orthographic.svg,Q1019
MH,http://www.wikidata.org/entity/Q709,Marshall Islands,Marshall_Islands,181,Flag of the Marshall Islands.svg,571771,Oceania,"English, Marshallese",Marshall Islands on the globe (small islands magnified) (Polynesia centered).svg,"54,366",0.3,Marshall Islands,http://commons.wikimedia.org/wiki/Special:FilePath/Flag%20of%20the%20Marshall%20Islands.svg,http://commons.wikimedia.org/wiki/Special:FilePath/Marshall%20Islands%20on%20the%20globe%20%28small%20islands%20magnified%29%20%28Polynesia%20centered%29.svg,Q709
MK,http://www.wikidata.org/entity/Q221,North Macedonia,North_Macedonia,"25,713",Flag of North Macedonia.svg,53293,Europe,"Albanian, Macedonian",North Macedonia on the globe (Europe centered).svg,"1,836,713",13.6,North Macedonia,http://commons.wikimedia.org/wiki/Special:FilePath/Flag%20of%20North%20Macedonia.svg,http://commons.wikimedia.org/wiki/Special:FilePath/North%20Macedonia%20on%20the%20globe%20%28Europe%20centered%29.svg,Q221
ML,http://www.wikidata.org/entity/Q912,Mali,Mali,"1,240,192",Flag of Mali.svg,192785,Africa,"Bambara, Fula, Senufo, Bozo, Maninka, Minyanka, Soninke, Kassonke, Hassaniya Arabic, Songhay, Dogon, Tamasheq, Bobo",LocationMali.svg,"20,250,833",18.8,Mali,http://commons.wikimedia.org/wiki/Special:FilePath/Flag%20of%20Mali.svg,http://commons.wikimedia.org/wiki/Special:FilePath/LocationMali.svg,Q912
MM,http://www.wikidata.org/entity/Q836,Myanmar,Myanmar,"676,577",Flag of Myanmar.svg,50371,Asia,Burmese,Myanmar on the globe (Myanmar centered).svg,"53,370,609",59.4,Myanmar,http://commons.wikimedia.org/wiki/Special:FilePath/Flag%20of%20Myanmar.svg,http://commons.wikimedia.org/wiki/Special:FilePath/Myanmar%20on%20the%20globe%20%28Myanmar%20centered%29.svg,Q836
MN,http://www.wikidata.org/entity/Q711,Mongolia,Mongolia,"1,564,116",Flag of Mongolia.svg,161033,Asia,Mongolian,Mongolia (orthographic projection).svg,"3,409,939",16.8,Mongolia,http://commons.wikimedia.org/wiki/Special:FilePath/Flag%20of%20Mongolia.svg,http://commons.wikimedia.org/wiki/Special:FilePath/Mongolia%20%28orthographic%20projection%29.svg,Q711
MR,http://www.wikidata.org/entity/Q1025,Mauritania,Mauritania,"1,030,700",Flag of Mauritania.svg,192763,Africa,Arabic,LocationMauritania.svg,"4,736,139",10.4,Mauritania,http://commons.wikimedia.org/wiki/Special:FilePath/Flag%20of%20Mauritania.svg,http://commons.wikimedia.org/wiki/Special:FilePath/LocationMauritania.svg,Q1025
MT,http://www.wikidata.org/entity/Q233,Malta,Malta,316,Flag of Malta.svg,365307,Europe,"English, Maltese",EU-Malta.svg,"553,214",17.8,Malta,http://commons.wikimedia.org/wiki/Special:FilePath/Flag%20of%20Malta.svg,http://commons.wikimedia.org/wiki/Special:FilePath/EU-Malta.svg,Q233
MU,http://www.wikidata.org/entity/Q1027,Mauritius,Mauritius,"2,040",Flag of Mauritius.svg,535828,Africa,"French, English",Mauritius (orthographic projection with inset).svg,"1,264,613",12.9,Mauritius,http://commons.wikimedia.org/wiki/Special:FilePath/Flag%20of%20Mauritius.svg,http://commons.wikimedia.org/wiki/Special:FilePath/Mauritius%20%28orthographic%20projection%20with%20inset%29.svg,Q1027
MV,http://www.wikidata.org/entity/Q826,Maldives,Maldives,298,Flag of Maldives.svg,536773,Asia,Divehi,Maldives (orthographic projection).svg,"436,330",6.2,Maldives,http://commons.wikimedia.org/wiki/Special:FilePath/Flag%20of%20Maldives.svg,http://commons.wikimedia.org/wiki/Special:FilePath/Maldives%20%28orthographic%20projection%29.svg,Q826
MW,http://www.wikidata.org/entity/Q1020,Malawi,Malawi,"118,484",Flag of Malawi.svg,195290,Africa,"English, Chewa",LocationMalawi.svg,"18,622,104",13.2,Malawi,http://commons.wikimedia.org/wiki/Special:FilePath/Flag%20of%20Malawi.svg,http://commons.wikimedia.org/wiki/Special:FilePath/LocationMalawi.svg,Q1020
MX,http://www.wikidata.org/entity/Q96,Mexico,Mexico,"1,972,550",Flag of Mexico.svg,114686,North America,"Spanish, Nahuatl, Yucatec Maya",MEX orthographic.svg,"132,274,416",1414.2,Mexico,http://commons.wikimedia.org/wiki/Special:FilePath/Flag%20of%20Mexico.svg,http://commons.wikimedia.org/wiki/Special:FilePath/MEX%20orthographic.svg,Q96
MY,http://www.wikidata.org/entity/Q833,Malaysia,Malaysia,"330,803",Flag of Malaysia.svg,2108121,Asia,Malay,Malaysia (orthographic projection).svg,"32,447,385",406.3,Malaysia,http://commons.wikimedia.org/wiki/Special:FilePath/Flag%20of%20Malaysia.svg,http://commons.wikimedia.org/wiki/Special:FilePath/Malaysia%20%28orthographic%20projection%29.svg,Q833
MZ,http://www.wikidata.org/entity/Q1029,Mozambique,Mozambique,"801,590",Flag of Mozambique.svg,195273,Africa,Portuguese,Mozambique (orthographic projection).svg,"29,668,834",17.9,Mozambique,http://commons.wikimedia.org/wiki/Special:FilePath/Flag%20of%20Mozambique.svg,http://commons.wikimedia.org/wiki/Special:FilePath/Mozambique%20%28orthographic%20projection%29.svg,Q1029
NA,http://www.wikidata.org/entity/Q1030,Namibia,Namibia,"825,615",Flag of Namibia.svg,195266,Africa,English,Namibia (orthographic projection).svg,"2,533,794",12.6,Namibia,http://commons.wikimedia.org/wiki/Special:FilePath/Flag%20of%20Namibia.svg,http://commons.wikimedia.org/wiki/Special:FilePath/Namibia%20%28orthographic%20projection%29.svg,Q1030
NE,http://www.wikidata.org/entity/Q1032,Niger,Niger,"1,267,000",Flag of Niger.svg,192786,Africa,Hausa,LocationNiger.svg,"21,477,348",14.0,Niger,http://commons.wikimedia.org/wiki/Special:FilePath/Flag%20of%20Niger.svg,http://commons.wikimedia.org/wiki/Special:FilePath/LocationNiger.svg,Q1032
NG,http://www.wikidata.org/entity/Q1033,Nigeria,Nigeria,"923,768",Flag of Nigeria.svg,192787,Africa,English,Nigeria (orthographic projection).svg,"211,400,708",477.4,Nigeria,http://commons.wikimedia.org/wiki/Special:FilePath/Flag%20of%20Nigeria.svg,http://commons.wikimedia.org/wiki/Special:FilePath/Nigeria%20%28orthographic%20projection%29.svg,Q1033
NI,http://www.wikidata.org/entity/Q811,Nicaragua,Nicaragua,"120,340",Flag of Nicaragua.svg,287666,North America,Spanish,Nicaragua (orthographic projection).svg,"6,676,948",15.7,Nicaragua,http://commons.wikimedia.org/wiki/Special:FilePath/Flag%20of%20Nicaragua.svg,http://commons.wikimedia.org/wiki/Special:FilePath/Nicaragua%20%28orthographic%20projection%29.svg,Q811
NL,http://www.wikidata.org/entity/Q29999,Kingdom of the Netherlands,Kingdom_of_the_Netherlands,"42,201",Flag of the Netherlands.svg,2323309,Europe,Dutch,Kingdom of the Netherlands in its region (special marker).svg,"17,100,715",,Kingdom of the Netherlands,http://commons.wikimedia.org/wiki/Special:FilePath/Flag%20of%20the%20Netherlands.svg,http://commons.wikimedia.org/wiki/Special:FilePath/Kingdom%20of%20the%20Netherlands%20in%20its%20region%20%28special%20marker%29.svg,Q29999
NO,http://www.wikidata.org/entity/Q20,Norway,Norway,"385,207",Flag of Norway.svg,1059668,Europe,"Norwegian, Nynorsk, Bokmål, Sámi",Europe-Norway.svg,"5,594,340",579.3,Norway,http://commons.wikimedia.org/wiki/Special:FilePath/Flag%20of%20Norway.svg,http://commons.wikimedia.org/wiki/Special:FilePath/Europe-Norway.svg,Q20
NP,http://www.wikidata.org/entity/Q837,Nepal,Nepal,"147,181",Flag of Nepal.svg,184633,Asia,Nepali,Nepal (orthographic projection).svg,"29,164,578",40.8,Nepal,http://commons.wikimedia.org/wiki/Special:FilePath/Flag%20of%20Nepal.svg,http://commons.wikimedia.org/wiki/Special:FilePath/Nepal%20%28orthographic%20projection%29.svg,Q837
NR,http://www.wikidata.org/entity/Q697,Nauru,Nauru,21,Flag of Nauru.svg,571804,Oceania,"English, Nauruan",Nauru on the globe (small islands magnified) (Polynesia centered).svg,"13,650",0.2,Nauru,http://commons.wikimedia.org/wiki/Special:FilePath/Flag%20of%20Nauru.svg,http://commons.wikimedia.org/wiki/Special:FilePath/Nauru%20on%20the%20globe%20%28small%20islands%20magnified%29%20%28Polynesia%20centered%29.svg,Q697
NZ,http://www.wikidata.org/entity/Q664,New Zealand,New_Zealand,"268,021",Flag of New Zealand.svg,556706,Oceania,"English, New Zealand Sign Language, Māori",NZL orthographic.svg,"5,118,700",247.2,New Zealand,http://commons.wikimedia.org/wiki/Special:FilePath/Flag%20of%20New%20Zealand.svg,http://commons.wikimedia.org/wiki/Special:FilePath/NZL%20orthographic.svg,Q664
OM,http://www.wikidata.org/entity/Q842,Oman,Oman,"309,500",Flag of Muscat.svg,305138,Asia,Arabic,Oman (better) (orthographic projection).svg,"4,829,480",114.7,Oman,http://commons.wikimedia.org/wiki/Special:FilePath/Flag%20of%20Muscat.svg,http://commons.wikimedia.org/wiki/Special:FilePath/Oman%20%28better%29%20%28orthographic%20projection%29.svg,Q842
PA,http://www.wikidata.org/entity/Q804,Panama,Panama,"74,177",Flag of Panama.svg,287668,South America,Spanish,PAN orthographic.svg,"4,565,559",76.5,Panama,http://commons.wikimedia.org/wiki/Special:FilePath/Flag%20of%20Panama.svg,http://commons.wikimedia.org/wiki/Special:FilePath/PAN%20orthographic.svg,Q804
PE,http://www.wikidata.org/entity/Q419,Peru,Peru,"1,285,216",Flag of Peru.svg,288247,South America,"Spanish, Aymara, Quechua",Peru (orthographic projection).svg,"33,726,000",242.6,Peru,http://commons.wikimedia.org/wiki/Special:FilePath/Flag%20of%20Peru.svg,http://commons.wikimedia.org/wiki/Special:FilePath/Peru%20%28orthographic%20projection%29.svg,Q419
PG,http://www.wikidata.org/entity/Q691,Papua New Guinea,Papua_New_Guinea,"462,840",Flag of Papua New Guinea.svg,307866,Oceania,"English, Hiri Motu, Tok Pisin, Papua New Guinean Sign Language",Papua New Guinea (orthographic projection).svg,"8,935,000",30.6,Papua New Guinea,http://commons.wikimedia.org/wiki/Special:FilePath/Flag%20of%20Papua%20New%20Guinea.svg,http://commons.wikimedia.org/wiki/Special:FilePath/Papua%20New%20Guinea%20%28orthographic%20projection%29.svg,Q691
PH,http://www.wikidata.org/entity/Q928,Philippines,Philippines,"343,448",Flag of the Philippines.svg,443174,Asia,"English, Filipino, Taglish",Philippines on the globe (Philippines centered).svg,"109,035,343",404.3,Philippines,http://commons.wikimedia.org/wiki/Special:FilePath/Flag%20of%20the%20Philippines.svg,http://commons.wikimedia.org/wiki/Special:FilePath/Philippines%20on%20the%20globe%20%28Philippines%20centered%29.svg,Q928
PK,http://www.wikidata.org/entity/Q843,Pakistan,Pakistan,"881,913",Flag of Pakistan.svg,307573,Asia,"Urdu, English",Pakistan on the globe (de-facto and claimed hatched) (Afro-Eurasia centered).svg,"223,773,700",376.5,Pakistan,http://commons.wikimedia.org/wiki/Special:FilePath/Flag%20of%20Pakistan.svg,http://commons.wikimedia.org/wiki/Special:FilePath/Pakistan%20on%20the%20globe%20%28de-facto%20and%20claimed%20hatched%29%20%28Afro-Eurasia%20centered%29.svg,Q843
PL,http://www.wikidata.org/entity/Q36,Poland,Poland,"312,683",Flag of Poland.svg,49715,Europe,Polish,Poland on the globe (Europe centered).svg,"37,563,071",688.2,Poland,http://commons.wikimedia.org/wiki/Special:FilePath/Flag%20of%20Poland.svg,http://commons.wikimedia.org/wiki/Special:FilePath/Poland%20on%20the%20globe%20%28Europe%20centered%29.svg,Q36
PS,http://www.wikidata.org/entity/Q219060,State of Palestine,Palestine,"6,020",Flag of Palestine.svg,1703814,Asia,Arabic,State of Palestine (orthographic projection).svg,"5,227,193",19.1,State of Palestine,http://commons.wikimedia.org/wiki/Special:FilePath/Flag%20of%20Palestine.svg,http://commons.wikimedia.org/wiki/Special:FilePath/State%20of%20Palestine%20%28orthographic%20projection%29.svg,Q219060
PT,http://www.wikidata.org/entity/Q45,Portugal,Portugal,"92,225",Flag of Portugal.svg,295480,Europe,"Portuguese, Mirandese",Portugal on the globe (Europe centered).svg,"10,347,892",251.9,Portugal,http://commons.wikimedia.org/wiki/Special:FilePath/Flag%20of%20Portugal.svg,http://commons.wikimedia.org/wiki/Special:FilePath/Portugal%20on%20the%20globe%20%28Europe%20centered%29.svg,Q45
PW,http://www.wikidata.org/entity/Q695,Palau,Palau,466,Flag of Palau.svg,571805,Oceania,"English, Japanese, Palauan",Palau on the globe (Southeast Asia centered) (small islands magnified).svg,"21,729",0.2,Palau,http://commons.wikimedia.org/wiki/Special:FilePath/Flag%20of%20Palau.svg,http://commons.wikimedia.org/wiki/Special:FilePath/Palau%20on%20the%20globe%20%28Southeast%20Asia%20centered%29%20%28small%20islands%20magnified%29.svg,Q695
PY,http://www.wikidata.org/entity/Q733,Paraguay,Paraguay,"406,756",Flag of Paraguay.svg,287077,South America,"Spanish, Guarani",PRY orthographic.svg,"6,811,297",41.7,Paraguay,http://commons.wikimedia.org/wiki/Special:FilePath/Flag%20of%20Paraguay.svg,http://commons.wikimedia.org/wiki/Special:FilePath/PRY%20orthographic.svg,Q733
QA,http://www.wikidata.org/entity/Q846,Qatar,Qatar,"11,437",Flag of Qatar.svg,305095,Asia,Arabic,QAT orthographic.svg,"2,639,211",237.3,Qatar,http://commons.wikimedia.org/wiki/Special:FilePath/Flag%20of%20Qatar.svg,http://commons.wikimedia.org/wiki/Special:FilePath/QAT%20orthographic.svg,Q846
RO,http://www.wikidata.org/entity/Q218,Romania,Romania,"238,397",Flag of Romania.svg,90689,Europe,Romanian,Romania on the globe (Europe centered).svg,"19,053,815",301.3,Romania,http://commons.wikimedia.org/wiki/Special:FilePath/Flag%20of%20Romania.svg,http://commons.wikimedia.org/wiki/Special:FilePath/Romania%20on%20the%20globe%20%28Europe%20centered%29.svg,Q218
RS,http://www.wikidata.org/entity/Q403,Serbia,Serbia,"88,499",Flag of Serbia.svg,1741311,Europe,Serbian,Europe-Serbia (2006–2008).svg,"6,605,168",63.5,Serbia,http://commons.wikimedia.org/wiki/Special:FilePath/Flag%20of%20Serbia.svg,http://commons.wikimedia.org/wiki/Special:FilePath/Europe-Serbia%20%282006%E2%80%932008%29.svg,Q403
RU,http://www.wikidata.org/entity/Q159,Russia,Russia,"17,075,400",Flag of Russia.svg,60189,Europe,Russian,LocationRussia.svg,"146,119,928",2240.4,Russia,http://commons.wikimedia.org/wiki/Special:FilePath/Flag%20of%20Russia.svg,http://commons.wikimedia.org/wiki/Special:FilePath/LocationRussia.svg,Q159
RW,http://www.wikidata.org/entity/Q1037,Rwanda,Rwanda,"26,338",Flag of Rwanda.svg,171496,Africa,"French, English, Swahili, Kinyarwanda",LocationRwanda.svg,"14,569,341",13.3,Rwanda,http://commons.wikimedia.org/wiki/Special:FilePath/Flag%20of%20Rwanda.svg,http://commons.wikimedia.org/wiki/Special:FilePath/LocationRwanda.svg,Q1037
SA,http://www.wikidata.org/entity/Q851,Saudi Arabia,Saudi_Arabia,"2,250,000",Flag of Saudi Arabia.svg,307584,Asia,Arabic,Saudi Arabia (orthographic projection).svg,"33,000,000",1108.1,Saudi Arabia,http://commons.wikimedia.org/wiki/Special:FilePath/Flag%20of%20Saudi%20Arabia.svg,http://commons.wikimedia.org/wiki/Special:FilePath/Saudi%20Arabia%20%28orthographic%20projection%29.svg,Q851
SB,http://www.wikidata.org/entity/Q685,Solomon Islands,Solomon_Islands,"28,400",Flag of the Solomon Islands.svg,1857436,Oceania,English,Solomon Islands on the globe (Oceania centered).svg,"611,343",1.6,Solomon Islands,http://commons.wikimedia.org/wiki/Special:FilePath/Flag%20of%20the%20Solomon%20Islands.svg,http://commons.wikimedia.org/wiki/Special:FilePath/Solomon%20Islands%20on%20the%20globe%20%28Oceania%20centered%29.svg,Q685
SC,http://www.wikidata.org/entity/Q1042,Seychelles,Seychelles,459,Flag of Seychelles.svg,536765,Africa,"Seychellois Creole, French, English",SYC orthographic.svg,"119,773",1.6,Seychelles,http://commons.wikimedia.org/wiki/Special:FilePath/Flag%20of%20Seychelles.svg,http://commons.wikimedia.org/wiki/Special:FilePath/SYC%20orthographic.svg,Q1042
SD,http://www.wikidata.org/entity/Q1049,Sudan,Sudan,"1,840,687",Flag of Sudan.svg,192789,Africa,"English, Arabic",Sudan (orthographic projection).svg,"48,945,000",51.7,Sudan,http://commons.wikimedia.org/wiki/Special:FilePath/Flag%20of%20Sudan.svg,http://commons.wikimedia.org/wiki/Special:FilePath/Sudan%20%28orthographic%20projection%29.svg,Q1049
SE,http://www.wikidata.org/entity/Q34,Sweden,Sweden,"447,425",Flag of Sweden.svg,52822,Europe,Swedish,Sweden on the globe (Europe centered).svg,"10,588,818",585.9,Sweden,http://commons.wikimedia.org/wiki/Special:FilePath/Flag%20of%20Sweden.svg,http://commons.wikimedia.org/wiki/Special:FilePath/Sweden%20on%20the%20globe%20%28Europe%20centered%29.svg,Q34
SG,http://www.wikidata.org/entity/Q334,Singapore,Singapore,719,Flag of Singapore.svg,536780,Asia,"English, Tamil, Malay, Standard Chinese",Singapore on the globe (Southeast Asia centered) zoom.svg,"5,866,139",466.8,Singapore,http://commons.wikimedia.org/wiki/Special:FilePath/Flag%20of%20Singapore.svg,http://commons.wikimedia.org/wiki/Special:FilePath/Singapore%20on%20the%20globe%20%28Southeast%20Asia%20centered%29%20zoom.svg,Q334
SI,http://www.wikidata.org/entity/Q215,Slovenia,Slovenia,"20,271",Flag of Slovenia.svg,218657,Europe,Slovene,EU-Slovenia.svg,"2,116,972",62.1,Slovenia,http://commons.wikimedia.org/wiki/Special:FilePath/Flag%20of%20Slovenia.svg,http://commons.wikimedia.org/wiki/Special:FilePath/EU-Slovenia.svg,Q215
SK,http://www.wikidata.org/entity/Q214,Slovakia,Slovakia,"49,034",Flag of Slovakia.svg,14296,Europe,Slovak,EU-Slovakia.svg,"5,419,451",115.5,Slovakia,http://commons.wikimedia.org/wiki/Special:FilePath/Flag%20of%20Slovakia.svg,http://commons.wikimedia.org/wiki/Special:FilePath/EU-Slovakia.svg,Q214
SL,http://www.wikidata.org/entity/Q1044,Sierra Leone,Sierra_Leone,"71,740",Flag of Sierra Leone.svg,192777,Africa,"English, Krio",LocationSierraLeone.svg,"7,557,212",4.0,Sierra Leone,http://commons.wikimedia.org/wiki/Special:FilePath/Flag%20of%20Sierra%20Leone.svg,http://commons.wikimedia.org/wiki/Special:FilePath/LocationSierraLeone.svg,Q1044
SM,http://www.wikidata.org/entity/Q238,San Marino,San_Marino,61.2,Flag of San Marino.svg,54624,Europe,Italian,Location San Marino Europe.svg,"33,600",1.9,San Marino,http://commons.wikimedia.org/wiki/Special:FilePath/Flag%20of%20San%20Marino.svg,http://commons.wikimedia.org/wiki/Special:FilePath/Location%20San%20Marino%20Europe.svg,Q238
SN,http://www.wikidata.org/entity/Q1041,Senegal,Senegal,"196,722",Flag of Senegal.svg,192775,Africa,"French, Wolof, Balanta, Badyara",LocationSenegal.svg,"16,876,720",27.7,Senegal,http://commons.wikimedia.org/wiki/Special:FilePath/Flag%20of%20Senegal.svg,http://commons.wikimedia.org/wiki/Special:FilePath/LocationSenegal.svg,Q1041
SO,http://www.wikidata.org/entity/Q1045,Somalia,Somalia,"637,657",Flag of Somalia.svg,192799,Africa,"Somali, Arabic",Somalia (orthographic projection)2.svg,"11,031,386",8.1,Somalia,http://commons.wikimedia.org/wiki/Special:FilePath/Flag%20of%20Somalia.svg,http://commons.wikimedia.org/wiki/Special:FilePath/Somalia%20%28orthographic%20projection%292.svg,Q1045
SR,http://www.wikidata.org/entity/Q730,Suriname,Suriname,"163,270",Flag of Suriname.svg,287082,South America,Dutch,Suriname1991 Karte umstrittene Gebiete.jpg,"563,402",3.6,Suriname,http://commons.wikimedia.org/wiki/Special:FilePath/Flag%20of%20Suriname.svg,http://commons.wikimedia.org/wiki/Special:FilePath/Suriname1991%20Karte%20umstrittene%20Gebiete.jpg,Q730
SS,http://www.wikidata.org/entity/Q958,South Sudan,South_Sudan,"644,329",Flag of South Sudan.svg,1656678,Africa,"English, Arabic",LocationSouthSudan.svg,"12,575,714",,South Sudan,http://commons.wikimedia.org/wiki/Special:FilePath/Flag%20of%20South%20Sudan.svg,http://commons.wikimedia.org/wiki/Special:FilePath/LocationSouthSudan.svg,Q958
ST,http://www.wikidata.org/entity/Q1039,São Tomé and Príncipe,São_Tomé_and_Príncipe,"1,001",Flag of São Tomé and Príncipe.svg,535880,Africa,Portuguese,Sao Tome and Principe on the globe (Africa centered).svg,"204,327",0.5,São Tomé and Príncipe,http://commons.wikimedia.org/wiki/Special:FilePath/Flag%20of%20S%C3%A3o%20Tom%C3%A9%20and%20Pr%C3%ADncipe.svg,http://commons.wikimedia.org/wiki/Special:FilePath/Sao%20Tome%20and%20Principe%20on%20the%20globe%20%28Africa%20centered%29.svg,Q1039
SV,http://www.wikidata.org/entity/Q792,El Salvador,El_Salvador,"21,041",Flag of El Salvador.svg,1520612,North America,Spanish,Orthographic Map of El Salvador.svg,"6,029,976",32.5,El Salvador,http://commons.wikimedia.org/wiki/Special:FilePath/Flag%20of%20El%20Salvador.svg,http://commons.wikimedia.org/wiki/Special:FilePath/Orthographic%20Map%20of%20El%20Salvador.svg,Q792
SY,http://www.wikidata.org/entity/Q858,Syria,Syria,"185,180",Flag of Syria (2025-) (stars variant).svg,184840,Asia,Arabic,Syria (orthographic projection).svg,"23,865,423",,Syria,http://commons.wikimedia.org/wiki/Special:FilePath/Flag%20of%20Syria%20%282025-%29%20%28stars%20variant%29.svg,http://commons.wikimedia.org/wiki/Special:FilePath/Syria%20%28orthographic%20projection%29.svg,Q858
SZ,http://www.wikidata.org/entity/Q1050,Eswatini,Eswatini,"17,364",Flag of Eswatini.svg,88210,Africa,"English, Swazi",Location Eswatini.png,"1,230,506",4.9,Eswatini,http://commons.wikimedia.org/wiki/Special:FilePath/Flag%20of%20Eswatini.svg,http://commons.wikimedia.org/wiki/Special:FilePath/Location%20Eswatini.png,Q1050
TD,http://www.wikidata.org/entity/Q657,Chad,Chad,"1,284,000",Flag of Chad.svg,2361304,Africa,"French, Arabic",TCD orthographic.svg,"19,319,064",12.7,Chad,http://commons.wikimedia.org/wiki/Special:FilePath/Flag%20of%20Chad.svg,http://commons.wikimedia.org/wiki/Special:FilePath/TCD%20orthographic.svg,Q657
TG,http://www.wikidata.org/entity/Q945,Togo,Togo,"56,785",Flag of Togo (3-2).svg,192782,Africa,French,Togo on the globe (Africa centered).svg,"7,797,694",8.1,Togo,http://commons.wikimedia.org/wiki/Special:FilePath/Flag%20of%20Togo%20%283-2%29.svg,http://commons.wikimedia.org/wiki/Special:FilePath/Togo%20on%20the%20globe%20%28Africa%20centered%29.svg,Q945
TH,http://www.wikidata.org/entity/Q869,Thailand,Thailand,"513,120",Flag of Thailand.svg,2067731,Asia,Thai,Thailand (orthographic projection).svg,"66,188,503",495.3,Thailand,http://commons.wikimedia.org/wiki/Special:FilePath/Flag%20of%20Thailand.svg,http://commons.wikimedia.org/wiki/Special:FilePath/Thailand%20%28orthographic%20projection%29.svg,Q869
TJ,http://www.wikidata.org/entity/Q863,Tajikistan,Tajikistan,"143,100",Flag of Tajikistan.svg,214626,Asia,"Russian, Tajik",Tajikistan (orthographic projection).svg,"9,504,000",10.5,Tajikistan,http://commons.wikimedia.org/wiki/Special:FilePath/Flag%20of%20Tajikistan.svg,http://commons.wikimedia.org/wiki/Special:FilePath/Tajikistan%20%28orthographic%20projection%29.svg,Q863
TL,http://www.wikidata.org/entity/Q574,Timor-Leste,Timor-Leste,"14,919",Flag of East Timor.svg,305142,Asia,"Portuguese, Tetum",Timor Leste (orthographic projection).svg,"1,360,596",3.2,Timor-Leste,http://commons.wikimedia.org/wiki/Special:FilePath/Flag%20of%20East%20Timor.svg,http://commons.wikimedia.org/wiki/Special:FilePath/Timor%20Leste%20%28orthographic%20projection%29.svg,Q574
TM,http://www.wikidata.org/entity/Q874,Turkmenistan,Turkmenistan,"491,210",Flag of Turkmenistan.svg,223026,Asia,Turkmen,Turkmenistan on the globe (Turkmenistan centered).svg,"6,117,933",,Turkmenistan,http://commons.wikimedia.org/wiki/Special:FilePath/Flag%20of%20Turkmenistan.svg,http://commons.wikimedia.org/wiki/Special:FilePath/Turkmenistan%20on%20the%20globe%20%28Turkmenistan%20centered%29.svg,Q874
TN,http://www.wikidata.org/entity/Q948,Tunisia,Tunisia,"163,610",Flag of Tunisia.svg,192757,Africa,Arabic,Tunisia (orthographic projection).svg,"11,565,204",46.7,Tunisia,http://commons.wikimedia.org/wiki/Special:FilePath/Flag%20of%20Tunisia.svg,http://commons.wikimedia.org/wiki/Special:FilePath/Tunisia%20%28orthographic%20projection%29.svg,Q948
TO,http://www.wikidata.org/entity/Q678,Tonga,Tonga,749,Flag of Tonga.svg,2186665,Oceania,"English, Tongan",Tonga on the globe (small islands magnified) (Polynesia centered).svg,"105,697",0.5,Tonga,http://commons.wikimedia.org/wiki/Special:FilePath/Flag%20of%20Tonga.svg,http://commons.wikimedia.org/wiki/Special:FilePath/Tonga%20on%20the%20globe%20%28small%20islands%20magnified%29%20%28Polynesia%20centered%29.svg,Q678
TR,http://www.wikidata.org/entity/Q43,Turkey,Turkey,"783,562",Flag of Turkey.svg,174737,Asia,Turkish,Turkey (orthographic projection).svg,"85,372,377",906.0,Turkey,http://commons.wikimedia.org/wiki/Special:FilePath/Flag%20of%20Turkey.svg,http://commons.wikimedia.org/wiki/Special:FilePath/Turkey%20%28orthographic%20projection%29.svg,Q43
TT,http://www.wikidata.org/entity/Q754,Trinidad and Tobago,Trinidad_and_Tobago,"5,128",Flag of Trinidad and Tobago.svg,555717,North America,English,Trinidad and Tobago (orthographic projection).svg,"1,369,125",27.9,Trinidad and Tobago,http://commons.wikimedia.org/wiki/Special:FilePath/Flag%20of%20Trinidad%20and%20Tobago.svg,http://commons.wikimedia.org/wiki/Special:FilePath/Trinidad%20and%20Tobago%20%28orthographic%20projection%29.svg,Q754
TV,http://www.wikidata.org/entity/Q672,Tuvalu,Tuvalu,25.14,Flag of Tuvalu.svg,2177266,Oceania,"English, Tuvaluan",Tuvalu in its region.svg,"10,643",0.1,Tuvalu,http://commons.wikimedia.org/wiki/Special:FilePath/Flag%20of%20Tuvalu.svg,http://commons.wikimedia.org/wiki/Special:FilePath/Tuvalu%20in%20its%20region.svg,Q672
TW,http://www.wikidata.org/entity/Q865,Taiwan,Taiwan,"36,193",Flag of the Republic of China.svg,449220,Asia,"Taiwanese Sign Language, Amis, Taiwanese Hokkien, Rukai, Bunun, Kanakanavu, Standard Taiwanese Mandarin, Paiwan, Yami, Atayal, Saaroa, Kavalan, Tsou, Seediq, Puyuma, Saisiyat, Sakizaya, Taiwanese Hakka, Truku, Matsu dialect, Kinmen dialect, O-ku-uā",Locator map of the ROC Taiwan.svg,"23,409,323",,Taiwan,http://commons.wikimedia.org/wiki/Special:FilePath/Flag%20of%20the%20Republic%20of%20China.svg,http://commons.wikimedia.org/wiki/Special:FilePath/Locator%20map%20of%20the%20ROC%20Taiwan.svg,Q865
TZ,http://www.wikidata.org/entity/Q924,Tanzania,Tanzania,"947,303",Flag of Tanzania.svg,195270,Africa,"English, Swahili",LocationTanzania.svg,"61,741,120",75.7,Tanzania,http://commons.wikimedia.org/wiki/Special:FilePath/Flag%20of%20Tanzania.svg,http://commons.wikimedia.org/wiki/Special:FilePath/LocationTanzania.svg,Q924
UA,http://www.wikidata.org/entity/Q212,Ukraine,Ukraine,"603,550",Flag of Ukraine.svg,60199,Europe,Ukrainian,Ukraine (orthographic projection).svg,"41,167,335",160.5,Ukraine,http://commons.wikimedia.org/wiki/Special:FilePath/Flag%20of%20Ukraine.svg,http://commons.wikimedia.org/wiki/Special:FilePath/Ukraine%20%28orthographic%20projection%29.svg,Q212
UG,http://www.wikidata.org/entity/Q1036,Uganda,Uganda,"241,038",Flag of Uganda.svg,192796,Africa,"English, Swahili",LocationUganda.svg,"47,123,531",45.6,Uganda,http://commons.wikimedia.org/wiki/Special:FilePath/Flag%20of%20Uganda.svg,http://commons.wikimedia.org/wiki/Special:FilePath/LocationUganda.svg,Q1036
US,http://www.wikidata.org/entity/Q30,United States,United_States,"9,826,675",Flag of the United States.svg,148838,North America,English,United States - Location Map (2013) - USA - UNOCHA.svg,"340,110,988",27720.7,United States,http://commons.wikimedia.org/wiki/Special:FilePath/Flag%20of%20the%20United%20States.svg,http://commons.wikimedia.org/wiki/Special:FilePath/United%20States%20-%20Location%20Map%20%282013%29%20-%20USA%20-%20UNOCHA.svg,Q30
UY,http://www.wikidata.org/entity/Q77,Uruguay,Uruguay,"176,215",Flag of Uruguay.svg,287072,South America,Spanish,URY orthographic.svg,"3,444,263",71.2,Uruguay,http://commons.wikimedia.org/wiki/Special:FilePath/Flag%20of%20Uruguay.svg,http://commons.wikimedia.org/wiki/Special:FilePath/URY%20orthographic.svg,Q77
UZ,http://www.wikidata.org/entity/Q265,Uzbekistan,Uzbekistan,"448,978",Flag of Uzbekistan.svg,196240,Asia,Uzbek,UZB orthographic.svg,"34,915,100",69.2,Uzbekistan,http://commons.wikimedia.org/wiki/Special:FilePath/Flag%20of%20Uzbekistan.svg,http://commons.wikimedia.org/wiki/Special:FilePath/UZB%20orthographic.svg,Q265
VA,http://www.wikidata.org/entity/Q237,Vatican City,Vatican_City,0.49,Flag of Vatican City (2023–present).svg,36989,Europe,"French, Latin, Italian",Location of the Vatican City in Europe.svg,882,,Vatican City,http://commons.wikimedia.org/wiki/Special:FilePath/Flag%20of%20Vatican%20City%20%282023%E2%80%93present%29.svg,http://commons.wikimedia.org/wiki/Special:FilePath/Location%20of%20the%20Vatican%20City%20in%20Europe.svg,Q237
VC,http://www.wikidata.org/entity/Q757,Saint Vincent and the Grenadines,Saint_Vincent_and_the_Grenadines,389,Flag of Saint Vincent and the Grenadines.svg,550725,North America,English,VCT orthographic.svg,"100,804",0.9,Saint Vincent and the Grenadines,http://commons.wikimedia.org/wiki/Special:FilePath/Flag%20of%20Saint%20Vincent%20and%20the%20Grenadines.svg,http://commons.wikimedia.org/wiki/Special:FilePath/VCT%20orthographic.svg,Q757
VE,http://www.wikidata.org/entity/Q717,Venezuela,Venezuela,"912,050",Flag of Venezuela.svg,272644,South America,"Spanish, Venezuelan Sign Language",VEN orthographic.svg,"28,515,829",,Venezuela,http://commons.wikimedia.org/wiki/Special:FilePath/Flag%20of%20Venezuela.svg,http://commons.wikimedia.org/wiki/Special:FilePath/VEN%20orthographic.svg,Q717
VN,http://www.wikidata.org/entity/Q881,Vietnam,Vietnam,"331,690",Flag of Vietnam.svg,49915,Asia,Vietnamese,Vietnam on the globe (Asia centered).svg,"96,208,984",408.8,Vietnam,http://commons.wikimedia.org/wiki/Special:FilePath/Flag%20of%20Vietnam.svg,http://commons.wikimedia.org/wiki/Special:FilePath/Vietnam%20on%20the%20globe%20%28Asia%20centered%29.svg,Q881
VU,http://www.wikidata.org/entity/Q686,Vanuatu,Vanuatu,"12,190",Flag of Vanuatu.svg,2177246,Oceania,"French, English, Bislama",Vanuatu on the globe (Polynesia centered).svg,"300,019",1.0,Vanuatu,http://commons.wikimedia.org/wiki/Special:FilePath/Flag%20of%20Vanuatu.svg,http://commons.wikimedia.org/wiki/Special:FilePath/Vanuatu%20on%20the%20globe%20%28Polynesia%20centered%29.svg,Q686
WS,http://www.wikidata.org/entity/Q683,Samoa,Samoa,"2,842",Flag of Samoa.svg,1872673,Oceania,"English, Samoan",Samoa on the globe (small islands magnified) (Polynesia centered).svg,"200,010",0.8,Samoa,http://commons.wikimedia.org/wiki/Special:FilePath/Flag%20of%20Samoa.svg,http://commons.wikimedia.org/wiki/Special:FilePath/Samoa%20on%20the%20globe%20%28small%20islands%20magnified%29%20%28Polynesia%20centered%29.svg,Q683
YE,http://www.wikidata.org/entity/Q805,Yemen,Yemen,"555,000",Flag of Yemen.svg,305092,Asia,Arabic,Yemen (orthographic projection).svg,"28,250,420",,Yemen,http://commons.wikimedia.org/wiki/Special:FilePath/Flag%20of%20Yemen.svg,http://commons.wikimedia.org/wiki/Special:FilePath/Yemen%20%28orthographic%20projection%29.svg,Q805
ZA,http://www.wikidata.org/entity/Q258,South Africa,South_Africa,"1,221,037",Flag of South Africa.svg,87565,Africa,"English, Zulu, Xhosa, Afrikaans, Venda, Northern Sotho, Swazi, Tswana, Tsonga, Sesotho, Southern Ndebele, South African Sign Language",LocationSouthAfrica.svg,"62,027,503",405.9,South Africa,http://commons.wikimedia.org/wiki/Special:FilePath/Flag%20of%20South%20Africa.svg,http://commons.wikimedia.org/wiki/Special:FilePath/LocationSouthAfrica.svg,Q258
ZM,http://www.wikidata.org/entity/Q953,Zambia,Zambia,"752,618",Flag of Zambia.svg,195271,Africa,English,Zambia (orthographic projection).svg,"19,610,769",29.8,Zambia,http://commons.wikimedia.org/wiki/Special:FilePath/Flag%20of%20Zambia.svg,http://commons.wikimedia.org/wiki/Special:FilePath/Zambia%20%28orthographic%20projection%29.svg,Q953
ZW,http://www.wikidata.org/entity/Q954,Zimbabwe,Zimbabwe,"390,757",Flag of Zimbabwe.svg,195272,Africa,"English, Xhosa, Ndau, Venda, Chewa, Khoisan, Kalanga, Shona, Tonga, Tswana, Tsonga, Sesotho, Northern Ndebele, Nambya, Zimbabwe Sign Language, Barwe",LocationZimbabwe.svg,"15,178,979",20.7,Zimbabwe,http://commons.wikimedia.org/wiki/Special:FilePath/Flag%20of%20Zimbabwe.svg,http://commons.wikimedia.org/wiki/Special:FilePath/LocationZimbabwe.svg,Q954
